pitcher_id,player_name,season_pitches,represented_pitches,represented_pitch_types,pitch_coverage,release_height,release_extension,included
657277,"Webb, Logan",3282,3132,5,0.9542961608775137,4.990505789152955,6.8,TRUE
607074,"Rodón, Carlos",3213,3028,4,0.9424214130096483,6.350417445482866,6.06,TRUE
676979,"Crochet, Garrett",3151,2975,4,0.9441447159631863,6.120410305343512,6.73,TRUE
668678,"Gallen, Zac",3137,2587,3,0.8246732547019445,5.966157037982764,6.54,TRUE
608331,"Fried, Max",3110,3021,6,0.9713826366559486,6.017266001929881,6.48,TRUE
579328,"Kikuchi, Yusei",3109,3044,4,0.9790929559343841,5.383448610213316,6.76,TRUE
642547,"Peralta, Freddy",3089,3086,4,0.9990288119132406,5.320466623460791,6.77,TRUE
592662,"Ray, Robbie",3072,3050,4,0.9928385416666666,6.1754610622352555,6.11,TRUE
656302,"Cease, Dylan",3052,2741,3,0.8980996068152032,6.138521681997372,6.37,TRUE
592332,"Gausman, Kevin",3038,2951,3,0.9713627386438446,5.735277227722772,6.68,TRUE
666200,"Luzardo, Jesús",3015,2762,4,0.9160862354892205,5.814001329345297,5.79,TRUE
694973,"Skenes, Paul",2997,2643,5,0.8818818818818819,5.579325992659326,6.66,TRUE
622491,"Castillo, Luis",2988,2923,4,0.9782463186077643,5.053075589459085,5.41,TRUE
676440,"Bibee, Tanner",2975,2804,5,0.9425210084033614,6.295418353576248,6.63,TRUE
686613,"Brown, Hunter",2968,2665,4,0.897911051212938,6.155472653612424,6.68,TRUE
663623,"Irvin, Jake",2947,2457,3,0.833729216152019,5.673056783407004,7.06,TRUE
668909,"Williams, Gavin",2925,2704,4,0.9244444444444444,6.006217510259918,6.86,TRUE
694297,"Pfaadt, Brandon",2931,2907,6,0.9918116683725691,5.522693625771076,6.61,TRUE
650911,"Sánchez, Cristopher",2897,2858,3,0.9865377977217812,5.914662979605946,7,TRUE
645261,"Alcantara, Sandy",2893,2885,5,0.9972347044590391,5.954600484261501,6.04,TRUE
664285,"Valdez, Framber",2898,2624,3,0.9054520358868184,5.983821391484943,5.88,TRUE
656605,"Keller, Mitch",2871,2440,4,0.8498780912574017,5.825606271777003,6.59,TRUE
601713,"Pivetta, Nick",2856,2545,3,0.8911064425770309,6.784098245614035,6.8,TRUE
663903,"Singer, Brady",2850,2843,5,0.9975438596491228,5.233708771929825,6.93,TRUE
669373,"Skubal, Tarik",2849,2718,4,0.954018954018954,6.12034749034749,6.47,TRUE
605488,"Springs, Jeffrey",2849,2512,3,0.8817128817128818,6.075767474534598,6.31,TRUE
518876,"Kelly, Merrill",2835,2591,5,0.9139329805996472,5.478255649717514,6.02,TRUE
656427,"Flaherty, Jack",2835,2627,3,0.92663139329806,5.3180240367621066,6.52,TRUE
605135,"Bassitt, Chris",2836,2310,4,0.814527503526093,5.4469247083775185,6.34,TRUE
669022,"Gore, MacKenzie",2819,2685,4,0.952465413267116,5.68875798438609,6.87,TRUE
701542,"Warren, Will",2808,2587,4,0.9212962962962963,5.547896995708155,6.71,TRUE
657746,"Ryan, Joe",2798,2676,5,0.956397426733381,4.797738819320215,6.73,TRUE
808967,"Yamamoto, Yoshinobu",2792,2347,4,0.8406160458452722,5.458694872714235,6.5,TRUE
641793,"Littell, Zack",2791,2324,4,0.8326764600501613,6.122034445640473,6.19,TRUE
667755,"Soriano, José",2784,2022,2,0.7262931034482759,5.875068247126436,6.65,FALSE
605280,"Holmes, Clay",2766,2108,4,0.7621113521330442,6.464193186072632,5.85,FALSE
665152,"Kremer, Dean",2756,2674,5,0.9702467343976778,6.212135958395245,6.08,TRUE
571510,"Boyd, Matthew",2747,2640,4,0.9610484164543138,5.458483965014577,6.29,TRUE
622663,"Severino, Luis",2735,2476,4,0.9053016453382084,5.936034419626511,6.31,TRUE
669467,"Pallante, Andre",2722,2694,4,0.9897134459955915,6.103974264705882,6.55,TRUE
543243,"Gray, Sonny",2724,2426,5,0.8906020558002937,5.5599521707137605,6.49,TRUE
669358,"Baz, Shane",2724,2620,4,0.9618208516886931,5.790250183958793,6.38,TRUE
693433,"Woo, Bryan",2714,2478,4,0.9130434782608695,5.029786293294031,6.51,TRUE
671106,"Allen, Logan",2713,2654,5,0.9782528566162919,5.236490579977835,6.32,TRUE
680730,"Parker, Mitchell",2707,2671,4,0.9867011451791651,6.242970773214946,6.86,TRUE
656849,"Peterson, David",2703,2667,5,0.9866814650388457,6.114356215213358,7.16,TRUE
686752,"Pepiot, Ryan",2700,2295,3,0.85,5.914536693847294,6.68,TRUE
678394,"Bello, Brayan",2698,2680,5,0.9933283914010378,5.323092056421678,6.34,TRUE
671096,"Abbott, Andrew",2677,2553,4,0.9536794919686216,6.0231079566679115,6.31,TRUE
608379,"Wacha, Michael",2666,2415,5,0.9058514628657164,6.5181948100789775,6.7,TRUE
594798,"deGrom, Jacob",2617,2186,2,0.8353076041268628,5.4926406429391506,6.73,TRUE
434378,"Verlander, Justin",2612,2164,3,0.8284839203675345,7.100084355828221,6.01,TRUE
593958,"Rodriguez, Eduardo",2597,2357,4,0.9075856757797459,5.909617465224112,6.36,TRUE
571578,"Corbin, Patrick",2590,2240,3,0.8648648648648649,6.171184210526316,6.77,TRUE
621244,"Berríos, José",2592,2430,4,0.9375,5.649655572755418,6.39,TRUE
683004,"Leiter, Jack",2585,2244,4,0.8680851063829788,5.608656600851723,6.82,TRUE
607259,"Martinez, Nick",2582,2576,6,0.9976762199845082,6.1801513975155276,5.92,TRUE
543294,"Hendricks, Kyle",2583,2348,3,0.9090205187766164,6.084558537534034,5.52,TRUE
663978,"Paddack, Chris",2566,2037,3,0.7938425565081839,6.099202670856245,6.96,FALSE
608372,"Sugano, Tomoyuki",2573,2260,5,0.8783521181500195,5.994656786271451,6.23,TRUE
450203,"Morton, Charlie",2559,2063,3,0.8061742868307933,5.355453821656051,6.16,TRUE
607067,"Rea, Colin",2536,1855,4,0.7314668769716088,5.570505329648638,6.63,FALSE
693821,"Elder, Bryce",2519,2431,4,0.9650655021834061,6.464081145584726,6.09,TRUE
571945,"Mikolas, Miles",2487,2407,5,0.9678327301970245,6.504350806451613,6.22,TRUE
607536,"Freeland, Kyle",2490,2169,4,0.8710843373493976,5.735111021396851,6.57,TRUE
666157,"Lodolo, Nick",2483,2459,4,0.9903342730567861,5.406957223567393,6.25,TRUE
682990,"Priester, Quinn",2469,2198,3,0.8902389631429729,6.0685980551053484,6.4,TRUE
669194,"Nelson, Ryne",2467,2385,4,0.9667612484799352,6.187084347120844,6.84,TRUE
624133,"Suárez, Ranger",2432,2243,5,0.9222861842105263,5.805061728395062,6.23,TRUE
681343,"Smith, Shane",2423,2317,5,0.9562525794469666,5.792091175240485,6.76,TRUE
554430,"Wheeler, Zack",2394,1736,3,0.7251461988304093,5.162699874424446,7.18,FALSE
669461,"Liberatore, Matthew",2390,2136,5,0.8937238493723849,6.524213836477988,6.39,TRUE
607625,"Lugo, Seth",2381,1718,4,0.7215455690886182,5.5731134453781515,5.83,FALSE
680732,"Burke, Sean",2380,2100,3,0.8823529411764706,6.246168776371308,7.05,TRUE
607200,"Fedde, Erick",2374,2332,4,0.9823083403538332,5.823993246095399,6.69,TRUE
608337,"Giolito, Lucas",2372,2280,3,0.9612141652613828,6.2975771670190275,6.62,TRUE
676664,"Sears, JP",2366,1952,3,0.8250211327134404,4.836360946745562,6.39,TRUE
641927,"Ober, Bailey",2356,2185,4,0.9274193548387096,5.932812234494477,7.27,TRUE
663554,"Mize, Casey",2357,2329,5,0.9881204921510395,5.787695578231292,6.9,TRUE
542881,"Anderson, Tyler",2353,2164,3,0.9196770080747981,6.291513073296185,6.01,TRUE
671737,"Bradley, Taj",2327,2256,4,0.9694886119467125,6.228094190140845,6.38,TRUE
547179,"Lorenzen, Michael",2318,2124,6,0.9163071613459879,5.761345987920621,5.91,TRUE
656876,"Rasmussen, Drew",2317,2072,3,0.8942598187311178,5.925738341968912,6.59,TRUE
663436,"Martin, Davis",2315,1810,3,0.7818574514038877,5.937369791666667,6.45,FALSE
622608,"Senzatela, Antonio",2289,1991,3,0.8698121450415028,6.105532194480946,6.03,TRUE
665795,"Cabrera, Edward",2253,2239,5,0.9937860630270751,6.043465126610395,6.51,TRUE
621111,"Buehler, Walker",2191,1888,5,0.8617069831127339,5.485786106032907,6.54,TRUE
684007,"Imanaga, Shota",2178,2022,3,0.928374655647383,5.416681985294118,6.21,TRUE
500779,"Quintana, Jose",2177,1967,4,0.9035369774919614,5.734392824287029,6.53,TRUE
669160,"May, Dustin",2182,1939,3,0.888634280476627,5.019815583218072,6.58,TRUE
702070,"Cameron, Noah",2167,2163,5,0.9981541301338256,6.416252310536044,6.28,TRUE
669302,"Gilbert, Logan",2156,1826,3,0.8469387755102041,5.750487238979118,7.5,TRUE
681190,"Vásquez, Randy",2153,1952,5,0.9066418950301904,5.96047152194211,6.14,TRUE
695418,"Lord, Brad",2129,2124,4,0.9976514795678723,5.361382228490832,5.61,TRUE
675911,"Strider, Spencer",2111,1825,2,0.8645191852202747,5.774988123515439,6.93,TRUE
669923,"Kirby, George",2087,1657,3,0.7939626257786296,5.653177476118652,6.51,FALSE
608566,"Márquez, Germán",2091,1803,3,0.8622668579626973,6.156470023980815,5.55,TRUE
571760,"Heaney, Andrew",2085,1608,3,0.7712230215827338,4.805370905587669,6.3,FALSE
677944,"Cecconi, Slade",2069,1622,3,0.7839536007733204,5.849117789626757,6.52,FALSE
592836,"Walker, Taijuan",2062,1455,3,0.7056256062075654,6.494687045123726,5.96,FALSE
519242,"Sale, Chris",2031,1790,2,0.8813392417528311,4.8675529295913345,6.55,TRUE
694477,"Patrick, Chad",2015,1736,3,0.8615384615384616,5.522858565737052,6.17,TRUE
615698,"Quantrill, Cal",2006,1559,4,0.7771684945164506,6.328111888111888,6.33,FALSE
592791,"Taillon, Jameson",1979,1616,4,0.8165740272865083,6.15543708943911,6.71,TRUE
700249,"Povich, Cade",1976,1139,2,0.576417004048583,5.970005076142132,6.19,FALSE
656550,"Holmes, Grant",1970,1937,4,0.983248730964467,5.87337067209776,5.99,TRUE
663559,"Falter, Bailey",1952,1795,4,0.9195696721311475,5.820615069195284,7.19,TRUE
543135,"Eovaldi, Nathan",1924,1680,4,0.8731808731808732,5.401221294363257,6.85,TRUE
673540,"Senga, Kodai",1908,1473,3,0.7720125786163522,5.934663157894737,6.33,FALSE
605288,"Houser, Adrian",1892,1443,3,0.7626849894291755,5.723540772532189,6.78,FALSE
680573,"Woods Richardson, Simeon",1881,1359,2,0.722488038277512,6.410689102564103,6.71,FALSE
686799,"Kochanowicz, Jack",1875,1706,4,0.9098666666666667,5.923755434782609,6.42,TRUE
694738,"Roupp, Landen",1853,1691,3,0.9125742039935241,5.400837385197191,6.28,TRUE
666214,"Wentz, Joey",1825,1598,3,0.8756164383561644,6.258292011019284,7.07,TRUE
663460,"Bubic, Kris",1799,1383,3,0.7687604224569206,5.643526462395543,6.76,FALSE
686563,"Cannon, Jonathan",1799,1751,5,0.9733185102834908,5.841779141104294,6.22,TRUE
690990,"Horton, Cade",1790,1271,2,0.7100558659217877,6.013092841163311,6.18,FALSE
801403,"Dollander, Chase",1778,1243,2,0.6991001124859393,5.3889370078740155,6.17,FALSE
477132,"Kershaw, Clayton",1772,1579,3,0.8910835214446953,6.059485294117647,6.55,TRUE
687473,"Gusto, Ryan",1762,1032,2,0.5856980703745743,5.789556566230813,6.46,FALSE
676962,"Brown, Ben",1759,1609,2,0.9147242751563388,6.456964184195566,6.69,TRUE
668881,"Greene, Hunter",1748,1554,2,0.8890160183066361,5.970120137299771,6.6,TRUE
650644,"Civale, Aaron",1748,1504,4,0.8604118993135011,6.278380080137379,5.55,TRUE
663568,"Kolek, Stephen",1693,1364,4,0.8056704075605434,5.260746887966805,6.31,TRUE
641778,"Lauer, Eric",1690,1126,2,0.6662721893491125,6.084964328180737,6.06,FALSE
691587,"Pérez, Eury",1675,1247,2,0.7444776119402985,5.8926598924088465,6.48,FALSE
682052,"Lopez, Jacob",1666,1122,2,0.673469387755102,5.20374549819928,7.02,FALSE
669387,"Mlodzinski, Carmen",1648,584,1,0.35436893203883496,5.252234365513054,6.33,FALSE
678024,"Vasil, Mike",1669,890,2,0.5332534451767525,5.902717325227964,6.25,FALSE
676282,"Cantillo, Joey",1637,1492,3,0.9114233353695785,5.85620036652413,7.34,TRUE
669432,"Rogers, Trevor",1627,1022,2,0.6281499692685925,5.7891512915129155,6.69,FALSE
676083,"Junk, Janson",1622,1056,2,0.6510480887792849,5.773557336621455,6.53,FALSE
641302,"Alexander, Tyler",1603,1329,4,0.8290704928259514,5.429943217665615,6.25,TRUE
669372,"Ginn, J.T.",1580,1120,2,0.7088607594936709,5.631513032422124,6.68,FALSE
680885,"Schwellenbach, Spencer",1577,841,2,0.533291058972733,5.394787031150668,6.96,FALSE
605400,"Nola, Aaron",1568,1204,3,0.7678571428571429,5.05344387755102,6.85,FALSE
656794,"Newcomb, Sean",1554,1134,3,0.7297297297297297,6.003915857605178,5.57,FALSE
682243,"Miller, Bryce",1545,883,2,0.5715210355987055,5.673002594033722,6.33,FALSE
681347,"Burrows, Mike",1542,1268,3,0.8223086900129701,6.124248536109304,6.45,TRUE
647336,"Soroka, Michael",1528,1220,2,0.7984293193717278,5.77931892599869,6.14,FALSE
682847,"Ortiz, Luis",1502,1114,3,0.7416777629826897,5.055746666666667,6.74,FALSE
607192,"Glasnow, Tyler",1484,1446,4,0.9743935309973046,5.968324324324325,7.51,TRUE
672456,"Montero, Keider",1474,1058,3,0.7177747625508819,5.779300746775289,6.33,FALSE
700241,"McGreevy, Michael",1466,980,3,0.6684856753069577,5.778013651877133,6.72,FALSE
676467,"Gordon, Colton",1459,1043,2,0.7148732008224812,5.49802894555479,6.83,FALSE
592866,"Williams, Trevor",1448,1019,2,0.7037292817679558,4.947203038674033,6.89,FALSE
676106,"Hancock, Emerson",1423,1196,3,0.8404778636683063,5.380780042164441,6.11,TRUE
453286,"Scherzer, Max",1392,999,2,0.7176724137931034,5.626553956834532,6.28,FALSE
656641,"Latz, Jacob",1397,1261,3,0.9026485325697924,5.899805194805195,6.63,TRUE
641816,"Mahle, Tyler",1381,1053,2,0.7624909485879797,5.618877624909486,6.56,FALSE
674370,"Bido, Osvaldo",1386,922,2,0.6652236652236653,5.921066763425254,6.27,FALSE
687765,"Spence, Mitch",1362,968,2,0.71071953010279,6.105088888888889,6.24,FALSE
805673,"Matthews, Zebby",1353,871,2,0.6437546193643755,5.8763757396449705,6.47,FALSE
681517,"Leahy, Kyle",1352,692,2,0.5118343195266272,5.7661304670126015,7.09,FALSE
656288,"Canning, Griffin",1343,1175,3,0.8749069247952346,5.757334326135518,5.93,TRUE
671131,"Rutledge, Jackson",1341,1030,3,0.7680835197613721,6.058893871449925,6.35,FALSE
688138,"Evans, Logan",1344,669,2,0.49776785714285715,5.935078534031414,5.81,FALSE
678368,"Bellozo, Valente",1322,842,2,0.6369137670196672,6.001497730711044,6.06,FALSE
686701,"Bergert, Ryan",1316,883,2,0.6709726443768997,5.920586890243903,6.42,FALSE
702352,"Bivens, Spencer",1298,824,2,0.6348228043143297,6.198732612055641,6.34,FALSE
623474,"Herget, Jimmy",1287,1110,3,0.8624708624708625,5.08536299765808,5.04,TRUE
605130,"Barlow, Scott",1286,618,2,0.48055987558320373,5.201439811172305,6.64,FALSE
676508,"Casparius, Ben",1263,1054,3,0.8345209817893904,6.191735340729002,5.78,TRUE
641154,"López, Pablo",1259,783,2,0.6219221604447974,5.51956279809221,7.01,FALSE
693645,"Schlittler, Cam",1253,946,2,0.7549880287310455,6.391819632881085,6.33,FALSE
669920,"Alexander, Jason",1252,909,2,0.7260383386581469,5.490088141025641,6.53,FALSE
685299,"Gordon, Tanner",1245,1229,3,0.98714859437751,6.159782958199357,6.2,TRUE
663893,"Little, Brendon",1252,1055,2,0.8426517571884984,6.037774193548387,5.64,TRUE
669093,"Estrada, Jeremiah",1244,987,2,0.7934083601286174,5.8410769230769235,6.89,FALSE
656731,"Megill, Tylor",1234,813,2,0.6588330632090762,5.889642567018684,7.1,FALSE
663574,"Santillan, Tony",1230,1063,2,0.8642276422764228,5.3835853658536585,5.89,TRUE
657376,"Schmidt, Clarke",1227,496,1,0.4042379788101059,5.600048939641109,6.11,FALSE
641755,"Kinley, Tyler",1239,1052,2,0.8490718321226796,6.51614693877551,5.58,TRUE
660825,"Bazardo, Eduard",1232,975,2,0.7913961038961039,5.845220588235294,5.85,FALSE
650633,"King, Michael",1219,888,3,0.7284659557013946,5.500278917145201,6.03,FALSE
685126,"Eisert, Brandon",1239,1121,3,0.9047619047619048,5.075773026315789,7.08,TRUE
670955,"Uceta, Edwin",1226,915,2,0.7463295269168027,4.539332784184514,6.2,FALSE
678606,"Ferrer, Jose A.",1215,1114,2,0.9168724279835391,5.810140728476822,6.04,TRUE
663855,"Hicks, Jordan",1203,902,2,0.7497921862011637,5.649282735613011,6.51,FALSE
806185,"Birdsong, Hayden",1195,814,2,0.6811715481171549,6.475952980688497,6.51,FALSE
650556,"Abreu, Bryan",1191,1170,2,0.982367758186398,5.636767676767676,6.57,TRUE
671922,"Smith, Cade",1194,826,1,0.6917922948073701,5.838967851099831,7.36,FALSE
676477,"Whitlock, Garrett",1188,919,2,0.7735690235690236,5.777201017811705,7.27,FALSE
694819,"Misiorowski, Jacob",1165,925,2,0.7939914163090128,5.2424570446735395,7.55,FALSE
682842,"Uribe, Abner",1174,1110,2,0.9454855195911414,5.86963058419244,6.43,TRUE
571927,"Matz, Steven",1160,930,2,0.8017241379310345,5.709637618636756,6.54,TRUE
684320,"Rodríguez, Yariel",1172,949,2,0.8097269624573379,5.723385146804836,6.38,TRUE
663947,"Holton, Tyler",1164,348,1,0.29896907216494845,5.8338428324697755,6.49,FALSE
681857,"Olson, Reese",1167,575,2,0.49271636675235647,5.982424503882657,5.88,FALSE
678692,"Henriquez, Ronny",1167,941,3,0.8063410454155956,5.239204840103716,6.51,TRUE
681982,"Anderson, Grant",1170,1102,3,0.9418803418803419,4.342404844290657,6.48,TRUE
506433,"Darvish, Yu",1160,NA,NA,NA,NA,NA,FALSE
571948,"Milner, Hoby",1170,756,2,0.6461538461538462,4.1706395851339675,6.68,FALSE
621121,"McCullers Jr., Lance",1147,648,2,0.5649520488230165,5.117253705318221,5.98,FALSE
686218,"Sheehan, Emmet",1146,884,2,0.7713787085514834,5.488323144104804,6.66,FALSE
676263,"Dreyer, Jack",1166,1028,2,0.8816466552315609,5.941910994764398,6.55,TRUE
663485,"Sands, Cole",1152,578,2,0.5017361111111112,5.615249343832021,5.79,FALSE
669199,"Bachar, Lake",1153,1001,3,0.8681699913269731,5.664514435695538,6.08,TRUE
670102,"Francis, Bowden",1143,638,1,0.558180227471566,5.955460122699386,6.84,FALSE
593974,"Peralta, Wandy",1153,887,2,0.769297484822203,6.082656112576957,5.72,FALSE
608718,"Suter, Brent",1141,460,1,0.40315512708150747,6.086149012567325,7.38,FALSE
676684,"Vest, Will",1141,858,2,0.7519719544259421,5.643961267605634,6.37,FALSE
673929,"Leasure, Jordan",1133,1085,2,0.9576345984112974,5.860823008849557,6.92,TRUE
656546,"Hoffman, Jeff",1132,1042,3,0.9204946996466431,5.770292812777285,6.59,TRUE
621107,"Eflin, Zach",1127,NA,NA,NA,NA,NA,FALSE
677958,"Rocker, Kumar",1128,549,2,0.4867021276595745,5.6791126885536825,6.82,FALSE
663687,"Harris, Hogan",1141,891,2,0.7808939526730938,6.071795555555555,6.57,FALSE
542888,"Armstrong, Shawn",1118,1097,4,0.981216457960644,5.779928315412186,6.71,TRUE
642207,"Williams, Devin",1119,1105,2,0.9874888293118856,5.260430879712747,7.35,TRUE
663969,"Phillips, Tyler",1114,862,3,0.7737881508078994,5.905071813285458,6.47,FALSE
641745,"Keller, Brad",1114,472,1,0.4236983842010772,6.352066486972148,5.91,FALSE
660853,"De Los Santos, Enyel",1118,937,2,0.8381037567084079,5.423659420289855,6.36,TRUE
666808,"Doval, Camilo",1113,967,2,0.8688230008984726,5.365213055303717,6.4,TRUE
641329,"Baker, Bryan",1102,1100,3,0.9981851179673321,6.587994555353902,6.42,TRUE
669276,"Lee, Dylan",1104,944,2,0.855072463768116,6.517558983666062,6.24,TRUE
677952,"Ashcraft, Braxton",1107,671,2,0.6061427280939476,6.249464609800363,6.28,FALSE
622554,"Domínguez, Seranthony",1109,471,1,0.4247069431920649,5.597093551316984,6.41,FALSE
672582,"Zerpa, Angel",1100,809,2,0.7354545454545455,5.329390354868062,5.54,FALSE
672782,"Gómez, Yoendrys",1104,368,1,0.3333333333333333,5.541756141947225,6.88,FALSE
676130,"Buttó, José",1106,665,2,0.6012658227848101,5.516111619396157,6.32,FALSE
672841,"Vargas, Carlos",1117,639,1,0.5720680393912265,5.797735159817352,6.68,FALSE
640455,"Manaea, Sean",1095,1027,2,0.9378995433789954,5.130109589041096,6.85,TRUE
643377,"Jax, Griffin",1105,478,1,0.432579185520362,5.493159340659341,6.38,FALSE
686993,"Sterner, Justin",1101,924,2,0.8392370572207084,5.4489194139194135,6.46,TRUE
680736,"Wrobleski, Justin",1096,581,2,0.5301094890510949,5.466108058608059,5.53,FALSE
663738,"Lynch IV, Daniel",1092,315,1,0.28846153846153844,5.788584558823529,6.62,FALSE
606160,"Montero, Rafael",1096,896,2,0.8175182481751825,5.023005514705883,6.26,TRUE
592094,"Adam, Jason",1097,730,2,0.6654512306289881,6.391648250460405,6.37,FALSE
621383,"Banks, Tanner",1088,644,2,0.5919117647058824,6.40258541089566,5.7,FALSE
672282,"Detmers, Reid",1100,816,2,0.7418181818181818,6.0621550094517955,6.24,FALSE
666142,"Ragans, Cole",1079,533,1,0.4939759036144578,6.1652734012974975,6.16,FALSE
663158,"Suarez, Robert",1086,906,2,0.8342541436464088,6.1632,6.81,TRUE
675848,"Mejia, Juan",1078,1073,2,0.9953617810760668,5.967011173184358,6.12,TRUE
689147,"Kerkering, Orion",1083,874,2,0.8070175438596491,5.720503261882572,6.3,TRUE
661395,"Duran, Jhoan",1086,764,2,0.7034990791896869,6.010055917986953,6.19,FALSE
669711,"Weissert, Greg",1073,645,2,0.6011183597390494,4.950065543071161,5.9,FALSE
641941,"Pagán, Emilio",1069,654,1,0.6117867165575304,5.600975609756097,6.86,FALSE
621242,"Díaz, Edwin",1067,1064,2,0.9971883786316776,4.934367385192128,7.15,TRUE
686973,"Varland, Louis",1070,871,2,0.814018691588785,5.503386491557223,6.96,TRUE
607455,"Banda, Anthony",1091,763,2,0.6993583868011,5.521286384976526,6.17,FALSE
592773,"Stanek, Ryne",1063,606,1,0.5700846660395108,6.498099717779868,5.97,FALSE
673513,"Matsui, Yuki",1073,700,2,0.65237651444548,6.060592662276576,5.83,FALSE
660896,"Alcala, Jorge",1062,486,1,0.4576271186440678,6.624839319470699,5.85,FALSE
669211,"Akin, Keegan",1066,847,2,0.7945590994371482,5.8641398865784495,5.72,FALSE
676534,"Faucher, Calvin",1055,390,1,0.3696682464454976,5.811650853889943,5.91,FALSE
676428,"Hurter, Brant",1064,849,2,0.7979323308270677,5.851730038022814,6.09,FALSE
595345,"Okert, Steven",1057,1037,2,0.9810785241248817,5.91,6.24,TRUE
596133,"Weaver, Luke",1053,932,2,0.8850902184235517,5.586939942802669,6.09,TRUE
683769,"Gaddis, Hunter",1060,910,2,0.8584905660377359,6.224966634890372,6.91,TRUE
670167,"Schreiber, John",1051,625,2,0.5946717411988582,4.534231136580707,6.51,FALSE
687911,"King, Bryan",1046,971,2,0.9282982791586998,5.491845124282983,6.54,TRUE
657649,"Koenig, Jared",1047,576,1,0.5501432664756447,5.931850431447747,6.2,FALSE
608032,"Estévez, Carlos",1064,874,2,0.8214285714285714,5.969060402684564,6.28,TRUE
657571,"Ferguson, Caleb",1054,328,1,0.3111954459203036,5.898116504854369,6.36,FALSE
668933,"Ashcraft, Graham",1039,1034,2,0.9951876804619827,6.490953757225434,5.43,TRUE
676974,"Meyer, Max",1040,358,1,0.34423076923076923,5.628488931665062,6.34,FALSE
592454,"Kahnle, Tommy",1037,863,1,0.8322082931533269,5.535101449275363,6.69,TRUE
662253,"Muñoz, Andrés",1047,883,2,0.8433619866284623,5.32687922705314,6.67,TRUE
676879,"Ashby, Aaron",1033,799,2,0.7734753146176185,6.456786060019361,5.32,FALSE
687134,"Blalock, Bradley",1035,480,1,0.463768115942029,6.312642787996128,6.54,FALSE
596001,"Junis, Jakob",1037,711,2,0.6856316297010607,5.580077519379845,6,FALSE
642397,"Soto, Gregory",1036,890,2,0.859073359073359,5.656818622696411,6.6,TRUE
666171,"Zeferjahn, Ryan",1039,596,2,0.5736284889316651,5.89069970845481,6.49,FALSE
605483,"Snell, Blake",1033,448,1,0.43368828654404645,6.516284046692607,6.76,FALSE
670280,"Bednar, David",1032,820,2,0.7945736434108527,5.873852216748769,6.54,FALSE
681911,"Vesia, Alex",1036,936,2,0.9034749034749034,6.011818181818182,6.28,TRUE
683409,"Chivilli, Angel",1028,843,2,0.8200389105058365,5.788326810176125,6.29,TRUE
676254,"Walker, Ryan",1024,991,2,0.9677734375,5.031178781925344,6.4,TRUE
642232,"Yarbrough, Ryan",1018,262,1,0.25736738703339884,5.037148475909538,6.19,FALSE
656271,"Burke, Brock",1028,710,2,0.6906614785992218,6.2934516765285995,6.75,FALSE
623211,"Brazobán, Huascar",1017,743,2,0.7305801376597837,5.856913946587537,5.77,FALSE
669203,"Burnes, Corbin",1010,554,1,0.5485148514851486,5.87378592666006,6.52,FALSE
664208,"Maton, Phil",1017,746,2,0.7335299901671584,5.164761904761905,7.04,FALSE
642701,"Santana, Dennis",1002,742,2,0.7405189620758483,5.75975024975025,6.13,FALSE
663465,"Allard, Kolby",1012,379,1,0.37450592885375494,5.41259,6.19,FALSE
596295,"Gomber, Austin",999,342,1,0.34234234234234234,6.605875875875876,6.68,FALSE
670970,"Morejon, Adrian",1007,596,1,0.5918570009930486,5.942842842842842,6.31,FALSE
693855,"Seymour, Ian",999,632,2,0.6326326326326326,5.877035175879397,6.22,FALSE
621381,"Strahm, Matt",995,684,2,0.6874371859296482,5.36877139979859,6.21,FALSE
668941,"Romero, JoJo",1008,680,2,0.6746031746031746,5.3882525252525255,5.36,FALSE
621053,"Ferguson, Tyler",998,696,2,0.6973947895791583,5.919808080808081,6.16,FALSE
664126,"Fairbanks, Pete",987,885,2,0.8966565349544073,7.000547667342799,6.42,TRUE
666974,"Cano, Yennier",992,439,1,0.4425403225806452,5.544584178498986,5.92,FALSE
623437,"Topa, Justin",990,631,2,0.6373737373737374,4.987671092951992,5.77,FALSE
664854,"Helsley, Ryan",994,886,2,0.8913480885311871,6.12717277486911,6.58,TRUE
657585,"Garrett, Reed",987,272,1,0.2755825734549139,5.633549738219895,6.15,FALSE
657097,"Webb, Jacob",986,747,2,0.757606490872211,5.558640081799591,6.38,FALSE
643511,"Rogers, Tyler",978,692,1,0.7075664621676891,1.3316182572614108,6.07,FALSE
621051,"Wilson, Steven",982,893,2,0.9093686354378818,5.866457905544148,6.6,TRUE
695243,"Miller, Mason",981,949,2,0.9673802242609582,6.1544855967078185,6.72,TRUE
676395,"Garcia, Robert",981,934,3,0.9520897043832823,5.651493305870237,6.48,TRUE
661563,"Gil, Luis",970,491,1,0.5061855670103093,5.591960784313725,6.85,FALSE
572955,"Johnson, Pierce",979,688,1,0.7027579162410623,6.203729338842975,5.72,FALSE
669371,"Henry, Cole",969,811,2,0.8369453044375645,5.316279792746114,6.65,TRUE
605540,"Woodruff, Brandon",964,593,2,0.6151452282157677,5.953744813278008,6.47,FALSE
694335,"Svanson, Matt",965,793,2,0.8217616580310881,5.710554393305439,6.59,TRUE
628452,"Iglesias, Raisel",974,640,2,0.6570841889117043,5.466552440290758,6.18,FALSE
668674,"Erceg, Lucas",976,600,2,0.6147540983606558,5.980561330561331,6.5,FALSE
656234,"Bird, Jake",975,669,2,0.6861538461538461,5.211462904911181,5.87,FALSE
669724,"Hanifee, Brenan",955,595,1,0.6230366492146597,5.505835095137421,6.14,FALSE
687064,"Young, Brandon",941,410,1,0.4357066950053135,6.023134328358209,6.57,FALSE
570632,"Ureña, José",938,328,1,0.34968017057569295,5.670182012847966,6.22,FALSE
671212,"Boyle, Joe",936,778,2,0.8311965811965812,5.814593147751606,6.53,TRUE
607481,"Bummer, Aaron",946,638,2,0.6744186046511628,5.239077253218884,6.41,FALSE
690928,"Dobbins, Hunter",936,631,2,0.6741452991452992,6.058717672413793,6.45,FALSE
642100,"Speier, Gabe",925,658,2,0.7113513513513513,5.343684782608696,5.96,FALSE
680767,"Vodnik, Victor",927,514,1,0.5544768069039914,5.325337690631808,6.71,FALSE
547973,"Chapman, Aroldis",920,674,2,0.7326086956521739,6.194362050163577,7.32,FALSE
656222,"Beeks, Jalen",924,825,2,0.8928571428571429,5.944650655021834,6.52,TRUE
656945,"Scott, Tanner",919,899,2,0.9782372143634385,5.239626783754116,6.21,TRUE
806188,"Gibson, Cade",917,260,1,0.2835332606324973,5.839988986784141,5.94,FALSE
527048,"Pérez, Martín",904,795,3,0.879424778761062,5.680465631929047,6.04,TRUE
657612,"Hill, Tim",912,725,1,0.7949561403508771,3.0308898776418243,6.6,FALSE
472610,"García, Luis",914,656,2,0.7177242888402626,6.211897321428571,6.55,FALSE
573124,"Rogers, Taylor",899,891,2,0.9911012235817576,5.6357222844344905,5.73,TRUE
694462,"Waldrep, Hurston",887,NA,NA,NA,NA,NA,FALSE
701581,"Festa, David",882,534,2,0.6054421768707483,6.004852607709751,6.94,FALSE
695549,"Jobe, Jackson",877,541,2,0.6168757126567845,5.814697833523375,5.99,FALSE
664076,"Cleavinger, Garrett",874,652,2,0.7459954233409611,5.225320366132723,5.99,FALSE
445276,"Jansen, Kenley",878,706,1,0.8041002277904328,6.340911188004614,6.9,TRUE
664199,"Clarke, Taylor",865,343,1,0.3965317919075145,6.0542196531791905,6.22,FALSE
605452,"Ross, Joe",863,321,1,0.3719582850521437,5.8208584686774945,6.75,FALSE
668984,"Legumina, Casey",869,457,1,0.525891829689298,4.644576074332172,6.74,FALSE
689254,"Fluharty, Mason",875,857,2,0.9794285714285714,5.665389988358556,6.73,TRUE
682254,"Montgomery, Mason",859,858,2,0.9988358556461001,5.822898719441211,6.78,TRUE
669060,"Wilson, Bryse",854,NA,NA,NA,NA,NA,FALSE
623352,"Hader, Josh",851,809,2,0.9506462984723855,5.5648760330578515,6.62,TRUE
640448,"Finnegan, Kyle",855,493,1,0.5766081871345029,5.685862884160756,6.64,FALSE
683232,"Mears, Nick",849,810,2,0.9540636042402827,6.237136094674556,6.71,TRUE
642152,"Trivino, Lou",843,NA,NA,NA,NA,NA,FALSE
694037,"Palencia, Daniel",845,594,1,0.7029585798816568,5.553912009512485,6.63,FALSE
641401,"Brogdon, Connor",853,701,2,0.8218053927315357,5.704648390941597,7.03,TRUE
656457,"Gilbert, Tyler",853,506,2,0.593200468933177,4.890634730538922,5.94,FALSE
573204,"Thielbar, Caleb",842,346,1,0.41092636579572445,6.148164481525626,6.22,FALSE
680755,"Fisher, Braydon",839,624,2,0.7437425506555423,6.474873949579832,5.66,FALSE
657514,"Bernardino, Brennan",855,370,1,0.4327485380116959,5.044105642256903,5.61,FALSE
643410,"Leiter Jr., Mark",832,321,1,0.3858173076923077,5.7946875,6.67,FALSE
668964,"Myers, Tobias",826,372,1,0.45036319612590797,5.890278450363196,6.77,FALSE
666374,"Brash, Matt",828,487,1,0.5881642512077294,5.2562043795620434,6.37,FALSE
806960,"Morales, Luis",821,430,1,0.5237515225334958,5.676041412911084,6,FALSE
670036,"Festa, Matt",823,631,2,0.7667071688942891,5.088445532435741,6.37,FALSE
663941,"Beck, Tristan",817,270,1,0.33047735618115054,5.970636474908201,6.79,FALSE
458677,"Wilson, Justin",832,654,2,0.7860576923076923,6.369387254901961,6.15,FALSE
687888,"Walter, Brandon",815,NA,NA,NA,NA,NA,FALSE
678495,"Rodríguez, Randy",808,808,2,1,5.5208168316831685,6.58,TRUE
519141,"Pomeranz, Drew",805,614,1,0.7627329192546584,6.2173375,5.79,FALSE
669854,"Blanco, Ronel",794,533,2,0.6712846347607053,5.966519546027743,6.83,FALSE
518585,"Cruz, Fernando",793,386,1,0.48675914249684743,6.018863636363636,6.97,FALSE
672391,"Ort, Kaleb",793,428,1,0.5397225725094578,5.858832487309645,6.24,FALSE
676917,"Cavalli, Cade",790,NA,NA,NA,NA,NA,FALSE
669674,"Long, Sam",790,275,1,0.34810126582278483,5.875648854961832,6.01,FALSE
669622,"Bender, Anthony",793,360,1,0.45397225725094575,5.538084291187739,5.73,FALSE
667463,"King, John",782,455,1,0.5818414322250639,5.58925831202046,5.96,FALSE
592426,"Jackson, Luke",802,618,2,0.770573566084788,6.324872122762148,6.76,FALSE
471911,"Carrasco, Carlos",779,NA,NA,NA,NA,NA,FALSE
676755,"Mattson, Isaac",786,593,1,0.7544529262086515,6.032651222651222,6.74,FALSE
689017,"Knack, Landon",773,361,1,0.4670116429495472,5.785523932729625,5.94,FALSE
552640,"Kittredge, Andrew",772,677,2,0.8769430051813472,5.875611979166667,6.6,TRUE
688158,"Morgan, David",770,281,1,0.36493506493506495,5.345966057441253,6.03,FALSE
695505,"Burns, Chase",765,689,2,0.90065359477124185,6.4437434554973825,6.4,TRUE
665660,"Alvarado, Elvis",767,412,1,0.5371577574967406,5.661816993464052,5.93,FALSE
489446,"Yates, Kirby",762,715,2,0.9383202099737533,5.1489107611548555,6.1,TRUE
672578,"Hernández, Carlos",761,386,1,0.507227332457293,6.0062450592885375,6.93,FALSE
676617,"O'Brien, Riley",767,366,1,0.4771838331160365,5.492519788918206,6.95,FALSE
700669,"Graceffo, Gordon",756,322,1,0.42592592592592593,6.117314814814815,6.34,FALSE
660271,"Ohtani, Shohei",753,291,1,0.38645418326693226,5.732204515272245,6.64,FALSE
656730,"Megill, Trevor",765,750,2,0.9803921568627451,6.519070385126162,6.62,TRUE
682120,"Herrin, Tim",756,295,1,0.39021164021164023,5.781506666666667,6.38,FALSE
656557,"Houck, Tanner",749,554,2,0.739652870493992,5.498798397863818,6.06,FALSE
661403,"Clase, Emmanuel",754,515,1,0.6830238726790451,5.99328418230563,6.68,FALSE
676961,"Boushley, Caleb",743,NA,NA,NA,NA,NA,FALSE
608650,"Enns, Dietrich",757,306,1,0.404227212681638,6.300377867746289,6.28,FALSE
690997,"McLean, Nolan",740,NA,NA,NA,NA,NA,FALSE
690916,"Fitts, Richard",735,285,1,0.3877551020408163,6.019523809523809,6.63,FALSE
656986,"Sousa, Bennett",728,718,2,0.9862637362637363,6.353480055020633,6.48,TRUE
680742,"Bowlan, Jonathan",727,NA,NA,NA,NA,NA,FALSE
681892,"Funderburk, Kody",730,NA,NA,NA,NA,NA,FALSE
669438,"Englert, Mason",725,NA,NA,NA,NA,NA,FALSE
690953,"Abel, Mick",720,311,1,0.43194444444444446,5.644416666666666,6.77,FALSE
543056,"Coulombe, Danny",720,290,1,0.4027777777777778,6.087607788595271,5.91,FALSE
594902,"Lively, Ben",720,NA,NA,NA,NA,NA,FALSE
678226,"Hernández, Daysbel",723,715,2,0.9889349930843707,5.93907949790795,6.03,TRUE
650893,"Cabrera, Génesis",720,NA,NA,NA,NA,NA,FALSE
656240,"Blewett, Scott",711,570,2,0.8016877637130801,6.160028129395218,7.09,TRUE
700363,"Smith-Shawver, AJ",711,330,1,0.4641350210970464,5.689774964838256,6.89,FALSE
643338,"Green, Chad",718,693,2,0.9651810584958217,6.138631875881523,6.38,TRUE
593423,"Montas, Frankie",709,NA,NA,NA,NA,NA,FALSE
571946,"Miller, Shelby",720,435,1,0.6041666666666666,5.367542613636363,7.11,FALSE
687223,"Palmquist, Carson",705,370,1,0.524822695035461,4.980283687943262,7.36,FALSE
573186,"Stroman, Marcus",705,251,1,0.35602836879432626,5.252428977272728,5.85,FALSE
605447,"Romano, Jordan",705,699,2,0.9914893617021276,6.113281027104137,7.4,TRUE
663767,"Shugart, Chase",701,NA,NA,NA,NA,NA,FALSE
666277,"Soriano, George",696,NA,NA,NA,NA,NA,FALSE
606996,"Hart, Kyle",692,NA,NA,NA,NA,NA,FALSE
679358,"Orze, Eric",685,255,1,0.3722627737226277,5.863920704845815,6.94,FALSE
669020,"Rolison, Ryan",678,315,1,0.4646017699115044,5.93862426035503,6.47,FALSE
829272,"Ogasawara, Shinnosuke",674,257,1,0.38130563798219586,5.695192878338279,6.19,FALSE
680689,"Richardson, Lyon",684,258,1,0.37719298245614036,5.5132195845697325,5.74,FALSE
623167,"Flexen, Chris",673,275,1,0.4086181277860327,6.816166419019316,6.19,FALSE
621112,"Blackburn, Paul",666,NA,NA,NA,NA,NA,FALSE
670912,"Oviedo, Johan",667,NA,NA,NA,NA,NA,FALSE
701519,"Adams, Travis",664,NA,NA,NA,NA,NA,FALSE
519151,"Pressly, Ryan",661,NA,NA,NA,NA,NA,FALSE
547184,"Kelly, Michael",665,332,1,0.4992481203007519,6.133723404255319,5.68,FALSE
663423,"Thornton, Trent",664,NA,NA,NA,NA,NA,FALSE
675512,"Melton, Troy",656,264,1,0.4024390243902439,5.441265243902439,6.91,FALSE
693312,"Nicolas, Kyle",652,328,1,0.5030674846625767,6.045736196319019,6.98,FALSE
657044,"Thompson, Ryan",656,541,2,0.8246951219512195,3.6596,6.78,TRUE
676661,"Lazar, Max",646,357,1,0.5526315789473685,5.886062015503876,6.96,FALSE
669456,"Bieber, Shane",645,NA,NA,NA,NA,NA,FALSE
820862,"Fermin, José",655,615,2,0.9389312977099237,6.257658914728682,6.14,TRUE
674444,"Cruz, Steven",646,320,1,0.4953560371517028,5.629423676012461,6.76,FALSE
677960,"Weathers, Ryan",642,286,1,0.4454828660436137,5.730124610591901,5.94,FALSE
641656,"Hamilton, Ian",642,303,1,0.4719626168224299,5.883447737909516,5.67,FALSE
455119,"Martin, Chris",651,NA,NA,NA,NA,NA,FALSE
678022,"Perkins, Jack",637,267,1,0.41915227629513346,5.330832025117739,6.27,FALSE
678020,"Halvorsen, Seth",640,346,1,0.540625,5.810927672955975,6.94,FALSE
543101,"DeSclafani, Anthony",637,NA,NA,NA,NA,NA,FALSE
664192,"Lucchesi, Joey",637,296,1,0.46467817896389324,6.0575158227848105,6.06,FALSE
642585,"Bautista, Félix",629,387,1,0.615262321144674,6.96832268370607,6.67,FALSE
800048,"Messick, Parker",625,NA,NA,NA,NA,NA,FALSE
663765,"Woodford, Jake",629,NA,NA,NA,NA,NA,FALSE
687863,"Hodge, Porter",628,306,1,0.4872611464968153,5.638301282051282,7.23,FALSE
808963,"Sasaki, Roki",624,273,1,0.4375,6.140987654320988,7.1,FALSE
693313,"Seymour, Carson",622,258,1,0.41479099678456594,5.9527214170692435,6.62,FALSE
668390,"Winn, Cole",627,NA,NA,NA,NA,NA,FALSE
681293,"Arrighetti, Spencer",619,NA,NA,NA,NA,NA,FALSE
664299,"Javier, Cristian",618,NA,NA,NA,NA,NA,FALSE
666661,"Morillo, Juan",618,292,1,0.47249190938511326,5.783679092382496,6.36,FALSE
605177,"Chafin, Andrew",614,NA,NA,NA,NA,NA,FALSE
681006,"Simpson, Josh",619,NA,NA,NA,NA,NA,FALSE
691799,"Taylor, Grant",614,338,1,0.5504885993485342,5.848295081967213,7.35,FALSE
592779,"Stewart, Brock",614,322,1,0.5244299674267101,5.3254590163934425,6.48,FALSE
664062,"Gonsolin, Tony",609,NA,NA,NA,NA,NA,FALSE
683627,"Molina, Anthony",611,299,1,0.48936170212765956,6.1430592105263155,6.32,FALSE
670990,"Ramírez, Yohan",608,271,1,0.4457236842105263,5.29567880794702,7.13,FALSE
695445,"Lee, Chase",604,NA,NA,NA,NA,NA,FALSE
641482,"Cortes, Nestor",599,NA,NA,NA,NA,NA,FALSE
621366,"Borucki, Ryan",598,NA,NA,NA,NA,NA,FALSE
660787,"De los Santos, Yerry",592,321,1,0.5422297297297297,5.973803056027164,6.49,FALSE
690986,"Harrison, Kyle",592,356,1,0.6013513513513513,4.819166666666667,6.65,FALSE
669084,"Hall, DL",589,NA,NA,NA,NA,NA,FALSE
687330,"Kelly, Kevin",592,317,1,0.535472972972973,3.8042006802721087,7.15,FALSE
641672,"Hatch, Thomas",591,NA,NA,NA,NA,NA,FALSE
689690,"Jacob, Alek",586,NA,NA,NA,NA,NA,FALSE
670329,"Garcia, Rico",589,NA,NA,NA,NA,NA,FALSE
677161,"Kelly, Zack",587,NA,NA,NA,NA,NA,FALSE
678906,"Teng, Kai-Wei",573,NA,NA,NA,NA,NA,FALSE
592155,"Booser, Cam",572,262,1,0.458041958041958,5.756287215411558,6.41,FALSE
669684,"Murphy, Chris",573,NA,NA,NA,NA,NA,FALSE
665871,"Assad, Javier",567,NA,NA,NA,NA,NA,FALSE
702674,"Dana, Caden",563,253,1,0.4493783303730018,5.873345195729537,6.56,FALSE
681869,"Dubin, Shawn",551,NA,NA,NA,NA,NA,FALSE
593576,"Neris, Héctor",551,NA,NA,NA,NA,NA,FALSE
680684,"Hoglund, Gunnar",548,NA,NA,NA,NA,NA,FALSE
674285,"Salazar, Eduardo",545,NA,NA,NA,NA,NA,FALSE
595928,"Curtiss, John",546,293,1,0.5366300366300366,6.345981651376147,6.38,FALSE
701487,"Ohl, Pierson",545,NA,NA,NA,NA,NA,FALSE
620454,"Castillo, José",549,NA,NA,NA,NA,NA,FALSE
689266,"Dodd, Dylan",536,289,1,0.539179104477612,5.889384328358209,6.44,FALSE
605463,"Scott, Tayler",537,256,1,0.4767225325884544,4.717574626865671,5.73,FALSE
622503,"Crismatt, Nabil",534,NA,NA,NA,NA,NA,FALSE
663671,"Enright, Nic",532,353,1,0.6635338345864662,6.2129566854990586,6.46,FALSE
657424,"Gage, Matt",536,268,1,0.5,6.3724293785310735,6.31,FALSE
668820,"Kranick, Max",529,NA,NA,NA,NA,NA,FALSE
688642,"Agnos, Zach",527,NA,NA,NA,NA,NA,FALSE
681676,"Fernandez, Ryan",532,NA,NA,NA,NA,NA,FALSE
663372,"Feltner, Ryan",523,NA,NA,NA,NA,NA,FALSE
664991,"Wolfram, Grant",525,NA,NA,NA,NA,NA,FALSE
669422,"Sauer, Matt",512,NA,NA,NA,NA,NA,FALSE
663399,"Waddell, Brandon",513,NA,NA,NA,NA,NA,FALSE
595014,"Treinen, Blake",526,NA,NA,NA,NA,NA,FALSE
669713,"Wesneski, Hayden",508,NA,NA,NA,NA,NA,FALSE
805123,"Blubaugh, AJ",508,278,1,0.547244094488189,5.943826429980276,6.64,FALSE
681870,"Sabrowski, Erik",503,342,1,0.679920477137177,6.023359840954274,6.72,FALSE
685326,"Brown, McCade",502,286,1,0.5697211155378487,5.730399201596806,7.07,FALSE
687377,"Ribalta, Orlando",502,NA,NA,NA,NA,NA,FALSE
663455,"Pilkington, Konnor",500,295,1,0.59,5.69884,6.54,FALSE
686580,"Slaten, Justin",504,NA,NA,NA,NA,NA,FALSE
680694,"Bradish, Kyle",494,NA,NA,NA,NA,NA,FALSE
669308,"Reynolds, Sean",494,256,1,0.5182186234817814,6.539291497975708,6.68,FALSE
670059,"Holderman, Colin",496,NA,NA,NA,NA,NA,FALSE
656464,"Ginkel, Kevin",491,NA,NA,NA,NA,NA,FALSE
677955,"Hill, Jaden",489,NA,NA,NA,NA,NA,FALSE
800049,"Mazur, Adam",489,NA,NA,NA,NA,NA,FALSE
685107,"Veneziano, Anthony",483,NA,NA,NA,NA,NA,FALSE
669062,"Miller, Erik",498,NA,NA,NA,NA,NA,FALSE
676092,"Snider, Collin",481,NA,NA,NA,NA,NA,FALSE
687362,"Gillispie, Connor",472,NA,NA,NA,NA,NA,FALSE
664141,"Brubaker, JT",473,NA,NA,NA,NA,NA,FALSE
642528,"Loáisiga, Jonathan",479,269,1,0.5615866388308977,5.401605995717345,6.5,FALSE
690925,"Beeter, Clayton",465,251,1,0.5397849462365591,6.096258064516129,5.92,FALSE
687830,"Gipson-Long, Sawyer",463,NA,NA,NA,NA,NA,FALSE
696149,"Chandler, Bubba",461,NA,NA,NA,NA,NA,FALSE
667297,"Nance, Tommy",461,NA,NA,NA,NA,NA,FALSE
608334,"Fulmer, Carson",462,NA,NA,NA,NA,NA,FALSE
605154,"Brebbia, John",460,NA,NA,NA,NA,NA,FALSE
694350,"Brzykcy, Zach",460,NA,NA,NA,NA,NA,FALSE
621237,"Alvarado, José",457,285,1,0.6236323851203501,6.505733041575493,6.89,FALSE
656186,"Altavilla, Dan",456,NA,NA,NA,NA,NA,FALSE
606303,"Payamps, Joel",453,NA,NA,NA,NA,NA,FALSE
687606,"Schultz, Paxton",448,NA,NA,NA,NA,NA,FALSE
621199,"Bowman, Matt",447,NA,NA,NA,NA,NA,FALSE
687922,"Lucas, Easton",438,NA,NA,NA,NA,NA,FALSE
672335,"Pérez, Cionel",441,NA,NA,NA,NA,NA,FALSE
678821,"Peralta, Luis",436,308,1,0.7064220183486238,5.15098623853211,6.04,FALSE
686930,"Barnett, Mason",431,NA,NA,NA,NA,NA,FALSE
655889,"Rodríguez, Manuel",431,NA,NA,NA,NA,NA,FALSE
679775,"Backhus, Kyle",430,273,1,0.6348837209302326,4.320348837209302,7.15,FALSE
685314,"Saalfrank, Andrew",431,NA,NA,NA,NA,NA,FALSE
680735,"Cox, Austin",427,NA,NA,NA,NA,NA,FALSE
682825,"Mey, Luis",420,288,1,0.6857142857142857,5.847705314009662,6.53,FALSE
676571,"Poulin, PJ",419,NA,NA,NA,NA,NA,FALSE
674841,"Alvarez, Andrew",418,NA,NA,NA,NA,NA,FALSE
608717,"Stratton, Chris",411,NA,NA,NA,NA,NA,FALSE
701656,"Henderson, Logan",410,NA,NA,NA,NA,NA,FALSE
686826,"Jarvis, Bryce",409,NA,NA,NA,NA,NA,FALSE
687931,"Whisenhunt, Carson",408,NA,NA,NA,NA,NA,FALSE
669704,"Strowd, Kade",406,NA,NA,NA,NA,NA,FALSE
815083,"Farris, Mitch",405,NA,NA,NA,NA,NA,FALSE
689225,"Brieske, Beau",409,NA,NA,NA,NA,NA,FALSE
518489,"Brasier, Ryan",404,NA,NA,NA,NA,NA,FALSE
543859,"Tonkin, Michael",397,NA,NA,NA,NA,NA,FALSE
688297,"Roycroft, Chris",395,NA,NA,NA,NA,NA,FALSE
668716,"Murdock, Noah",404,NA,NA,NA,NA,NA,FALSE
664139,"Gibaut, Ian",388,NA,NA,NA,NA,NA,FALSE
548384,"Raley, Brooks",388,NA,NA,NA,NA,NA,FALSE
642121,"Sulser, Cole",391,NA,NA,NA,NA,NA,FALSE
605347,"López, Jorge",388,NA,NA,NA,NA,NA,FALSE
663795,"Hagenman, Justin",383,NA,NA,NA,NA,NA,FALSE
621139,"Kriske, Brooks",385,NA,NA,NA,NA,NA,FALSE
683175,"Phillips, Connor",377,NA,NA,NA,NA,NA,FALSE
680880,"Holman, Grant",376,NA,NA,NA,NA,NA,FALSE
641540,"Dunning, Dane",376,NA,NA,NA,NA,NA,FALSE
804636,"Tong, Jonah",372,NA,NA,NA,NA,NA,FALSE
682790,"González, Wikelman",368,NA,NA,NA,NA,NA,FALSE
687396,"Headrick, Brent",370,NA,NA,NA,NA,NA,FALSE
701552,"Granillo, Andre",361,NA,NA,NA,NA,NA,FALSE
664747,"Díaz, Alexis",362,NA,NA,NA,NA,NA,FALSE
554340,"García, Yimi",364,NA,NA,NA,NA,NA,FALSE
657240,"Merryweather, Julian",358,NA,NA,NA,NA,NA,FALSE
642239,"Zastryzny, Rob",357,NA,NA,NA,NA,NA,FALSE
676702,"Stratton, Hunter",343,NA,NA,NA,NA,NA,FALSE
669330,"Wells, Tyler",342,NA,NA,NA,NA,NA,FALSE
696147,"Bachman, Sam",335,NA,NA,NA,NA,NA,FALSE
660730,"Rodríguez, Elvin",336,NA,NA,NA,NA,NA,FALSE
656686,"Martin, Corbin",332,NA,NA,NA,NA,NA,FALSE
519326,"Strickland, Hunter",341,NA,NA,NA,NA,NA,FALSE
594580,"Moll, Sam",332,NA,NA,NA,NA,NA,FALSE
681895,"Sisk, Evan",329,NA,NA,NA,NA,NA,FALSE
686642,"Ellard, Fraser",330,NA,NA,NA,NA,NA,FALSE
656848,"Petersen, Michael",336,NA,NA,NA,NA,NA,FALSE
681168,"Curvelo, Luis",329,NA,NA,NA,NA,NA,FALSE
608665,"Graveman, Kendall",324,NA,NA,NA,NA,NA,FALSE
813349,"Early, Connelly",323,NA,NA,NA,NA,NA,FALSE
688497,"Rashi, Taylor",319,NA,NA,NA,NA,NA,FALSE
663542,"Hudson, Bryan",326,NA,NA,NA,NA,NA,FALSE
623149,"Sewald, Paul",317,NA,NA,NA,NA,NA,FALSE
666711,"Peguero, Joel",321,NA,NA,NA,NA,NA,FALSE
682274,"Hiraldo, Yaramil",315,NA,NA,NA,NA,NA,FALSE
682989,"Mederos, Victor",314,NA,NA,NA,NA,NA,FALSE
518397,"Alexander, Scott",313,NA,NA,NA,NA,NA,FALSE
657006,"Steele, Justin",313,NA,NA,NA,NA,NA,FALSE
694918,"Tidwell, Blade",309,NA,NA,NA,NA,NA,FALSE
687849,"Kent, Zak",308,NA,NA,NA,NA,NA,FALSE
694361,"Klein, Will",305,NA,NA,NA,NA,NA,FALSE
622786,"Tinoco, Jesus",305,NA,NA,NA,NA,NA,FALSE
502085,"Robertson, David",308,NA,NA,NA,NA,NA,FALSE
801139,"Tolle, Payton",304,NA,NA,NA,NA,NA,FALSE
691951,"Aldegheri, Sam",304,NA,NA,NA,NA,NA,FALSE
671109,"Eder, Jake",304,NA,NA,NA,NA,NA,FALSE
614179,"Ruiz, José",302,NA,NA,NA,NA,NA,FALSE
641835,"Mayza, Tim",301,NA,NA,NA,NA,NA,FALSE
