pitcher_id,pitch_hand,represented_pitches,represented_pitch_types,avg_vel,avg_ivb,avg_hb,spin_sin,spin_cos,spin_sin_unmirrored,spin_cos_unmirrored,avg_spin,player_name,season_pitches,release_extension,arm_hand,release_height,pitch_coverage,spin_concentration,cluster,cluster_k2,hc_cluster,silhouette_width
434378,R,2164,3,89.29149722735676,9.505452865064697,7.3099815157116455,0.028940572537261726,0.634106687023476,0.028940572537261726,0.634106687023476,2509.181146025878,"Verlander, Justin",2612,6.01,R,7.100084355828221,0.8284839203675345,0.6347667660382614,2,1,1,0.09011450192158027
445276,R,706,1,92.8,18.8,2.4,0,1,0,1,2602,"Jansen, Kenley",878,6.9,R,6.340911188004614,0.8041002277904328,1,1,1,1,0.15379790522132247
450203,R,2063,3,88.10702859912749,0.8300533204071748,14.656907416383907,0.021867683590811492,0.06391203255653007,0.021867683590811492,0.06391203255653007,2700.9932137663595,"Morton, Charlie",2559,6.16,R,5.355453821656051,0.8061742868307933,0.06754956321942286,3,2,2,0.09266999392671736
477132,L,1579,3,84.37238758708042,7.217859404686511,2.7127295756808105,-0.24323548974586565,0.5714464524101179,0.2432354897458655,0.5714464524101182,2373.554781507283,"Kershaw, Clayton",1772,6.55,L,6.059485294117647,0.8910835214446953,0.6210592173408429,2,1,3,0.16261217443664744
489446,R,715,2,89.89524475524475,8.032587412587414,12.952727272727273,0.8767457149008226,0.40743442722775647,0.8767457149008226,0.40743442722775647,1860.4503496503496,"Yates, Kirby",762,6.1,R,5.1489107611548555,0.9383202099737533,0.9667915292798983,3,2,2,0.1868704054070105
500779,L,1967,4,87.38759532282666,7.753787493645145,11.55236400610066,0.3478079963779687,0.587586115416502,-0.34780799637796894,0.587586115416502,1937.7249618708693,"Quintana, Jose",2177,6.53,L,5.734392824287029,0.9035369774919614,0.6828087912254146,3,2,2,0.014006712897355637
518876,R,2591,5,89.55341566962561,6.172520262446931,10.5081821690467,0.5704703340846531,0.5298806366316465,0.5704703340846531,0.5298806366316465,2316.1532226939407,"Kelly, Merrill",2835,6.02,R,5.478255649717514,0.9139329805996472,0.7785948183412311,3,2,2,0.15692069590032523
519242,L,1790,2,86.4412849162011,2.804692737430168,12.604189944134077,0.009620913639329636,-0.14516402734957026,-0.00962091363932951,-0.14516402734957012,2313.9162011173185,"Sale, Chris",2031,6.55,L,4.8675529295913345,0.8813392417528311,0.14548249659530257,3,2,2,0.19518427843414826
527048,L,795,3,86.02704402515724,9.981132075471699,10.518490566037737,0.6316609632828601,0.7442017337277409,-0.6316609632828601,0.7442017337277409,1951.22893081761,"Pérez, Martín",904,6.04,L,5.680465631929047,0.879424778761062,0.9761310327096492,3,2,1,-0.014944618044967333
542881,L,2164,3,84.30138632162662,15.470748613678373,8.065850277264325,0.4745084717373406,0.8535300829376323,-0.4745084717373406,0.8535300829376323,2110.252772643253,"Anderson, Tyler",2353,6.01,L,6.291513073296185,0.9196770080747981,0.9765612588209857,1,1,1,0.17285986969276362
542888,R,1097,4,91.0485870556062,11.758705560619871,9.090428441203283,0.03450545676715875,0.7393723925305594,0.03450545676715875,0.7393723925305594,2386.901549680948,"Armstrong, Shawn",1118,6.71,R,5.779928315412186,0.981216457960644,0.7401771148739158,1,1,1,0.2473103163543993
543135,R,1680,4,87.26738095238095,4.100476190476191,9.070416666666667,0.362617881589111,0.3782645400356104,0.362617881589111,0.3782645400356104,1963.667261904762,"Eovaldi, Nathan",1924,6.85,R,5.401221294363257,0.8731808731808732,0.5239997999012275,3,2,2,0.12144225443321124
543243,R,2426,5,87.50053586150041,0.7991343775762575,8.908903544929926,-0.22917533282376795,0.17104128282579487,-0.22917533282376795,0.17104128282579487,2559.008244023083,"Gray, Sonny",2724,6.49,R,5.5599521707137605,0.8906020558002937,0.28596582594005593,2,2,3,0.14233426661996482
543294,R,2348,3,83.44212095400341,8.910477001703578,11.293909710391823,0.6049057885136169,0.7873240828891375,0.6049057885136169,0.7873240828891375,2032.5553662691652,"Hendricks, Kyle",2583,5.52,R,6.084558537534034,0.9090205187766164,0.9928696915882275,3,2,1,0.0385432705783784
547179,R,2124,6,88.7379472693032,6.318408662900188,9.67401129943503,0.3210742754813076,0.40563820958285646,0.3210742754813076,0.40563820958285646,2320.8319209039546,"Lorenzen, Michael",2318,5.91,R,5.761345987920621,0.9163071613459879,0.5173306944783308,3,2,2,0.017980293906694866
552640,R,677,2,91.60177252584934,4.542392909896603,9.802806499261447,-0.2756299204700761,0.71174302009324,-0.2756299204700761,0.71174302009324,2503.8892171344164,"Kittredge, Andrew",772,6.6,R,5.875611979166667,0.8769430051813472,0.7632496182179109,2,1,3,0.18007166841673755
571510,L,2640,4,85.6375,6.712689393939394,11.885378787878787,0.35859983009603325,0.31279863778534245,-0.35859983009603325,0.3127986377853425,2222.0242424242424,"Boyd, Matthew",2747,6.29,L,5.458483965014577,0.9610484164543138,0.4758537863096917,3,2,2,0.22088755176287686
571578,L,2240,3,86.08160714285714,5.664598214285714,6.127098214285714,-0.06512577172531273,0.6249296402864298,0.06512577172531268,0.6249296402864296,2212.1098214285716,"Corbin, Patrick",2590,6.77,L,6.171184210526316,0.8648648648648649,0.6283139513422761,2,1,3,0.10492787319505568
571927,L,930,2,90.41935483870968,5.296666666666666,14.057419354838709,0.4648199535729662,0.1481522633401264,-0.46481995357296624,0.14815226334012638,2257.9698924731183,"Matz, Steven",1160,6.54,L,5.709637618636756,0.8017241379310345,0.4878592854219099,3,2,2,0.23471590639016787
571945,R,2407,5,87.69837972579975,5.665475695886996,8.955754050685501,0.3147400370548673,0.5185702757188633,0.3147400370548673,0.5185702757188633,2216.1171582883258,"Mikolas, Miles",2487,6.22,R,6.504350806451613,0.9678327301970245,0.606610601444153,2,1,1,0.06059196805177726
573124,L,891,2,85.31167227833896,4.127497194163861,16.69236812570146,-0.1239457288233479,0.15181524700872126,0.12394572882334776,0.15181524700872107,2511.4107744107746,"Rogers, Taylor",899,5.73,L,5.6357222844344905,0.9911012235817576,0.19598574672120914,3,2,2,0.11799438289966686
579328,L,3044,4,88.4853482260184,6.761235216819974,7.12309461235217,0.11675794114270059,0.596654376950995,-0.11675794114270065,0.5966543769509949,2201.927726675427,"Kikuchi, Yusei",3109,6.76,L,5.383448610213316,0.9790929559343841,0.6079711032233871,1,2,3,0.04434348670113902
592332,R,2951,3,90.02297526262284,11.008810572687226,11.87136563876652,0.5775659089103581,0.7329123560183507,0.5775659089103581,0.7329123560183507,2062.4229074889868,"Gausman, Kevin",3038,6.68,R,5.735277227722772,0.9713627386438446,0.9331360569283654,1,2,1,0.20455888804851668
592454,R,863,1,86.7,1.1,11.800000000000002,0.9659258262890683,0.25881904510252074,0.9659258262890683,0.25881904510252074,1282,"Kahnle, Tommy",1037,6.69,R,5.535101449275363,0.8322082931533269,1,3,2,2,0.13903361553335128
592662,L,3050,4,89.66399999999999,12.470983606557377,6.0699672131147535,0.32734246981600196,0.6888284466777781,-0.32734246981600224,0.6888284466777778,2226.11868852459,"Ray, Robbie",3072,6.11,L,6.1754610622352555,0.9928385416666666,0.7626517694844487,1,1,1,0.22877838163695685
592791,R,1616,4,86.78360148514851,8.286324257425742,9.114727722772278,-0.08909360645888811,0.3688940598930623,-0.08909360645888811,0.3688940598930623,2476.8737623762377,"Taillon, Jameson",1979,6.71,R,6.15543708943911,0.8165740272865083,0.37950032692507324,2,1,3,0.17181973606593415
593958,L,2357,4,90.12719558761137,11.756385235468816,7.720067882901994,0.43328190746808376,0.8830397754577095,-0.43328190746808365,0.8830397754577095,2213.5350021213408,"Rodriguez, Eduardo",2597,6.36,L,5.909617465224112,0.9075856757797459,0.983611944000063,1,1,1,0.34332315791324347
594798,R,2186,2,94.3072735590119,10.159515096065874,7.056312900274474,0.0612660175580596,0.793353340291235,0.0612660175580596,0.793353340291235,2599.492680695334,"deGrom, Jacob",2617,6.73,R,5.4926406429391506,0.8353076041268628,0.7957154312055816,1,1,1,0.10964738329687963
595345,L,1037,2,85.50270009643202,11.014850530376085,8.158534233365478,-0.3329147401410319,0.3289700446723539,0.33291474014103184,0.32897004467235397,2377.0183220829317,"Okert, Steven",1057,6.24,L,5.91,0.9810785241248817,0.4680315315178042,2,1,3,0.11324298763186459
596133,R,932,2,92.76416309012875,15.129184549356223,9.336051502145924,0.45812362223222414,0.8803241185837802,0.45812362223222414,0.8803241185837802,2280.8347639484978,"Weaver, Luke",1053,6.09,R,5.586939942802669,0.8850902184235517,0.9923949853800568,1,1,1,0.2986827090385961
601713,R,2545,3,87.6350098231827,7.171237721021609,5.969037328094303,-0.2243127273094603,0.2533837555982639,-0.2243127273094603,0.2533837555982639,2467.6664047151276,"Pivetta, Nick",2856,6.8,R,6.784098245614035,0.8911064425770309,0.3384073392142804,2,1,3,0.21522723803441499
605135,R,2310,4,86.91484848484848,2.957662337662337,11.886839826839827,0.3307751964381033,0.5002236378734762,0.3307751964381033,0.5002236378734762,2167.704329004329,"Bassitt, Chris",2836,6.34,R,5.4469247083775185,0.814527503526093,0.5996965219726061,3,2,2,0.2471063784216798
605447,R,699,2,89.36638054363377,6.391559370529326,4.138340486409156,-0.44308816699173703,0.40094578788821716,-0.44308816699173703,0.40094578788821716,2087.785407725322,"Romano, Jordan",705,7.4,R,6.113281027104137,0.9914893617021276,0.5975656018826725,2,1,3,0.050877582383608844
605488,L,2512,3,85.73710191082803,10.270063694267515,9.936703821656051,0.40235643359580553,0.7580591445448774,-0.40235643359580575,0.7580591445448774,1963.8574840764331,"Springs, Jeffrey",2849,6.31,L,6.075767474534598,0.8817128817128818,0.8582216300490493,1,2,1,0.1429705028998183
606160,R,896,2,91.42767857142857,7.710379464285715,10.973102678571431,0.788162373292838,0.6014730769429626,0.788162373292838,0.6014730769429626,1995.325892857143,"Montero, Rafael",1096,6.26,R,5.023005514705883,0.8175182481751825,0.9914483289419745,3,2,2,0.1097974293228934
607074,L,3028,4,89.98358652575958,8.7664464993395,9.911789960369882,0.1587968209757634,0.4962508432790617,-0.1587968209757635,0.49625084327906166,2311.924042272127,"Rodón, Carlos",3213,6.06,L,6.350417445482866,0.9424214130096483,0.5210387027920177,2,1,1,-0.0025732380185928363
607192,R,1446,4,91.22517289073306,4.948340248962655,4.230152143845091,-0.20966082047988777,0.3587701802210455,-0.20966082047988777,0.3587701802210455,2622.731673582296,"Glasnow, Tyler",1484,7.51,R,5.968324324324325,0.9743935309973046,0.41554025299619435,2,1,3,0.1492238322171385
607200,R,2332,4,88.95544596912522,7.196698113207548,9.060591766723842,0.02211827639615922,0.6338611435501142,0.02211827639615922,0.6338611435501142,2124.6702401372213,"Fedde, Erick",2374,6.69,R,5.823993246095399,0.9823083403538332,0.6342469294000527,1,1,1,0.08987776357405436
607259,R,2576,6,86.85722049689441,7.873291925465839,6.255085403726707,0.3416999619837316,0.6195195313941215,0.3416999619837316,0.6195195313941215,2303.6618788819874,"Martinez, Nick",2582,5.92,R,6.1801513975155276,0.9976762199845082,0.7075049920661165,2,1,1,0.029408909328946083
607536,L,2169,4,87.01318579990777,4.457261410788381,5.08635315813739,0.017614935276525707,0.12975683945125124,-0.017614935276525797,0.12975683945125116,2386.1931765790687,"Freeland, Kyle",2490,6.57,L,5.735111021396851,0.8710843373493976,0.1309470248962304,2,1,3,0.24859234582321293
608032,R,874,2,92.77093821510297,12.03340961098398,6.735926773455377,0.09658337022337152,0.8395840809116255,0.09658337022337152,0.8395840809116255,2192.471395881007,"Estévez, Carlos",1064,6.28,R,5.969060402684564,0.8214285714285714,0.8451211607360946,1,1,1,0.2937850118366884
608331,L,3021,6,88.33975504799736,2.232009268454154,7.984111221449851,0.10690979119106973,0.40235494896893703,-0.10690979119106979,0.402354948968937,2364.3717312148297,"Fried, Max",3110,6.48,L,6.017266001929881,0.9713826366559486,0.4163162360661833,2,2,3,0.20050453310411517
608337,R,2280,3,88.65118421052631,13.258552631578947,7.12859649122807,0.45037555292349163,0.8621548537830764,0.45037555292349163,0.8621548537830764,2030.5026315789473,"Giolito, Lucas",2372,6.62,R,6.2975771670190275,0.9612141652613828,0.9727019741795833,1,1,1,0.3192485933034661
608372,R,2260,5,88.75415929203541,8.45933628318584,9.41699115044248,0.11266353126186408,0.6133614933574523,0.11266353126186408,0.6133614933574523,2233.4017699115043,"Sugano, Tomoyuki",2573,6.23,R,5.994656786271451,0.8783521181500195,0.6236227968973528,1,1,1,0.05361720528757935
608379,R,2415,5,87.63275362318839,11.63527950310559,7.905175983436853,0.4140543734148611,0.7905456330517534,0.4140543734148611,0.7905456330517534,1944.8298136645963,"Wacha, Michael",2666,6.7,R,6.5181948100789775,0.9058514628657164,0.8924143780112301,1,1,1,0.24986058022317512
608566,R,1803,3,91.2846921797005,7.775263449805879,8.046699944536883,0.246166747119839,0.15527414371346415,0.246166747119839,0.15527414371346415,2354.2606766500276,"Márquez, Germán",2091,5.55,R,6.156470023980815,0.8622668579626973,0.291046606394083,2,1,2,0.10228333150256502
621051,R,893,2,86.39451287793953,6.6876819708846575,11.924524076147817,-0.3653444364689443,-0.05096936574556022,-0.3653444364689443,-0.05096936574556022,2590.8611422172453,"Wilson, Steven",982,6.6,R,5.866457905544148,0.9093686354378818,0.3688826825744402,2,2,3,0.17223512702972976
621111,R,1888,5,89.69242584745764,7.586652542372882,8.5479343220339,-0.011709235754052697,0.6183654413641533,-0.011709235754052697,0.6183654413641533,2333.0143008474574,"Buehler, Walker",2191,6.54,R,5.485786106032907,0.8617069831127339,0.6184762932202237,2,1,3,-0.019213076587532973
621242,R,1064,2,93.36315789473683,8.589473684210526,7.699999999999999,0.4175543896269659,0.7940849626361688,0.4175543896269659,0.7940849626361688,2295.7368421052633,"Díaz, Edwin",1067,7.15,R,4.934367385192128,0.9971883786316776,0.8971747857478126,1,1,1,0.18363096369010257
621244,R,2430,4,88.43156378600824,6.265390946502056,14.246131687242798,0.36271638866681283,0.23671752601093835,0.36271638866681283,0.23671752601093835,2055.069547325103,"Berríos, José",2592,6.39,R,5.649655572755418,0.9375,0.4331262699585811,3,2,2,0.24911544382444223
622491,R,2923,4,91.91146082791653,6.389736572015055,12.268149161820048,0.510238541166134,0.27614498730744547,0.510238541166134,0.27614498730744547,2153.453643516935,"Castillo, Luis",2988,5.41,R,5.053075589459085,0.9782463186077643,0.5801718908275149,3,2,2,0.21775104804191503
622608,R,1991,3,90.69417378201909,6.924761426418884,4.70205926670015,0.0689588017248978,0.675210877376117,0.0689588017248978,0.675210877376117,2279.924158714214,"Senzatela, Antonio",2289,6.03,R,6.105532194480946,0.8698121450415028,0.678723099107699,2,1,1,0.057984842488446695
622663,R,2476,4,92.27330371567042,10.2063408723748,9.790872374798061,0.052123979923228585,0.5772564074958078,0.052123979923228585,0.5772564074958078,2330.2144588045235,"Severino, Luis",2735,6.31,R,5.936034419626511,0.9053016453382084,0.5796049251671376,1,1,3,0.1491875851592635
623352,L,809,2,90.22187886279357,10.582818294190359,6.760939431396786,-0.09098750472750737,0.27503789905693105,0.09098750472750723,0.27503789905693116,2425.2645241038317,"Hader, Josh",851,6.62,L,5.5648760330578515,0.9506462984723855,0.2896973799228926,2,1,3,0.02500377366151858
623474,R,1110,3,84.80675675675676,1.972972972972973,10.57072072072072,-0.015003654956693488,0.39749092131284525,-0.015003654956693488,0.39749092131284525,2723.1396396396394,"Herget, Jimmy",1287,5.04,R,5.08536299765808,0.8624708624708625,0.3977739838000897,3,2,2,0.03351604410256609
624133,L,2243,5,84.75109228711547,3.518412839946501,10.059473918858671,0.3372713735990703,0.5158903083498267,-0.33727137359907033,0.5158903083498266,1891.1052162282658,"Suárez, Ranger",2432,6.23,L,5.805061728395062,0.9222861842105263,0.6163560575663087,3,2,2,0.15647396274736616
640455,L,1027,2,86.65618305744887,8.37809152872444,13.703700097370982,0.19682968994943165,0.27283866492559,-0.1968296899494316,0.2728386649255901,2135.0243427458618,"Manaea, Sean",1095,6.85,L,5.130109589041096,0.9378995433789954,0.3364266100117049,3,2,2,0.16828645077839516
641302,L,1329,4,87.11580135440181,10.177727614747932,9.951617757712567,0.13262353532743665,0.5636334659918054,-0.13262353532743676,0.5636334659918053,2293.127163280662,"Alexander, Tyler",1603,6.25,L,5.429943217665615,0.8290704928259514,0.5790264986239261,3,2,3,-0.07284997671386627
641329,R,1100,3,91.41254545454544,12.006181818181819,7.721727272727272,0.2253658243745348,0.8307486802229148,0.2253658243745348,0.8307486802229148,2195.898181818182,"Baker, Bryan",1102,6.42,R,6.587994555353902,0.9981851179673321,0.8607747234254317,1,1,1,0.2551965582251728
641401,R,701,2,89.74179743223966,11.294008559201142,13.904136947218259,0.7665452440292637,0.5877254691327801,0.7665452440292637,0.5877254691327801,2155.308131241084,"Brogdon, Connor",853,7.03,R,5.704648390941597,0.8218053927315357,0.965925896852978,1,2,1,0.10539571247277663
641755,R,1052,2,89.42015209125475,5.795817490494297,2.252471482889734,-0.26842145690801855,0.8812038634123948,-0.26842145690801855,0.8812038634123948,2510.1368821292776,"Kinley, Tyler",1239,5.58,R,6.51614693877551,0.8490718321226796,0.9211787706094586,2,1,1,0.1690344991468637
641793,R,2324,4,88.55047332185886,8.851419965576593,7.639716006884682,0.5150541870179444,0.7926481816152665,0.5150541870179444,0.7926481816152665,1878.7977624784853,"Littell, Zack",2791,6.19,R,6.122034445640473,0.8326764600501613,0.9452893500842502,1,1,1,0.19671679217761517
641927,R,2185,4,85.4762471395881,9.607963386727688,10.730343249427918,0.32507193354453934,0.591483336857877,0.32507193354453934,0.591483336857877,2136.7647597254004,"Ober, Bailey",2356,7.27,R,5.932812234494477,0.9274193548387096,0.6749254031068279,1,2,3,0.13773580891443835
642207,R,1105,2,88.66941176470588,5.047692307692309,16.141900452488688,0.8422548255522981,0.20272741306999326,0.8422548255522981,0.20272741306999326,2563.2923076923075,"Williams, Devin",1119,7.35,R,5.260430879712747,0.9874888293118856,0.8663091798983685,3,2,2,0.15521819465650577
642397,L,890,2,92.5079775280899,6.73449438202247,11.843595505617978,0.3196511407537415,0.8109252071434013,-0.31965114075374157,0.8109252071434013,2371.9539325842698,"Soto, Gregory",1036,6.6,L,5.656818622696411,0.859073359073359,0.8716516181168578,1,2,3,0.11728728632136945
642547,R,3086,4,89.9657161373947,9.382274789371355,7.40748541801685,0.15782894011769324,0.5334764193493743,0.15782894011769324,0.5334764193493743,2316.9163966299416,"Peralta, Freddy",3089,6.77,R,5.320466623460791,0.9990288119132406,0.5563335908791629,1,1,3,0.13348511232352006
643338,R,693,2,91.74733044733046,11.105627705627706,5.097979797979797,0.13099275873080882,0.9146061287253625,0.13099275873080882,0.9146061287253625,2364.8037518037518,"Green, Chad",718,6.38,R,6.138631875881523,0.9651810584958217,0.9239391070530039,1,1,1,0.21219061210006537
645261,R,2885,5,92.33116117850955,6.040277296360485,11.582876949740035,0.38770734829978354,0.48738936092161456,0.38770734829978354,0.48738936092161456,2288.5975736568457,"Alcantara, Sandy",2893,6.04,R,5.954600484261501,0.9972347044590391,0.6227883886724523,3,2,2,0.028553506339583434
650556,R,1170,2,91.98307692307692,5.424615384615386,7.4861538461538455,-0.1725048141708005,0.1935205896136379,-0.1725048141708005,0.1935205896136379,2613.8153846153846,"Abreu, Bryan",1191,6.57,R,5.636767676767676,0.982367758186398,0.25924530760750997,2,1,3,0.2633491348732605
650644,R,1504,4,87.80113031914895,6.715026595744679,8.718617021276595,0.053133709759963926,0.5611747486695896,0.053133709759963926,0.5611747486695896,2632.9886968085107,"Civale, Aaron",1748,5.55,R,6.278380080137379,0.8604118993135011,0.5636845657433182,2,1,1,0.18806678892260575
650911,L,2858,3,90.42743177046887,1.5862491252624213,14.97554233729881,0.5900815079363766,0.3492947084570992,-0.5900815079363764,0.34929470845709926,2094.6186144156754,"Sánchez, Cristopher",2897,7,L,5.914662979605946,0.9865377977217812,0.6857134819766911,3,2,2,0.17848622684773002
656222,L,825,2,92.05818181818182,13.232727272727272,10.547272727272727,0.5866082903143743,0.7995685252435024,-0.5866082903143748,0.7995685252435022,2144.4727272727273,"Beeks, Jalen",924,6.52,L,5.944650655021834,0.8928571428571429,0.991674902791042,1,1,1,0.3585486496664566
656240,R,570,2,88.22175438596491,6.271578947368421,3.6473684210526316,-0.3742925048875675,0.3430314666066547,-0.3742925048875675,0.3430314666066547,2193.9964912280702,"Blewett, Scott",711,7.09,R,6.160028129395218,0.8016877637130801,0.507706082588462,2,1,3,0.13757193476161558
656288,R,1175,3,90.66221276595745,5.003659574468085,8.024851063829788,0.28859295673430924,0.09568289500915635,0.28859295673430924,0.09568289500915635,2197.6314893617023,"Canning, Griffin",1343,5.93,R,5.757334326135518,0.8749069247952346,0.3040412983033458,3,2,2,-0.005749917650523785
656302,R,2741,3,92.12809193724917,8.507953301714702,2.513060926669099,-0.27606659869191685,0.6318534597348909,-0.27606659869191685,0.6318534597348909,2665.4925209777452,"Cease, Dylan",3052,6.37,R,6.138521681997372,0.8980996068152032,0.6895299569215795,2,1,1,0.1758866999598965
656427,R,2627,3,86.94564141606395,6.134031214312904,7.605824133993148,-0.1798235928986072,0.44295635102690545,-0.1798235928986072,0.44295635102690545,2337.031594975257,"Flaherty, Jack",2835,6.52,R,5.3180240367621066,0.92663139329806,0.4780657417950329,2,2,3,0.13615902214771086
656546,R,1042,3,91.71238003838772,8.390403071017273,10.421305182341651,0.15747006868933033,0.46312425117864053,0.15747006868933033,0.46312425117864053,2379.235124760077,"Hoffman, Jeff",1132,6.59,R,5.770292812777285,0.9204946996466431,0.4891634640514344,1,1,3,0.0697956603459173
656550,R,1937,4,89.1164687661332,3.9273102736189984,3.567114093959732,-0.13950198477693568,0.07501199710165368,-0.13950198477693568,0.07501199710165368,2633.7305110996385,"Holmes, Grant",1970,5.99,R,5.87337067209776,0.983248730964467,0.15839066723100478,2,1,3,0.30377827633143195
656605,R,2440,4,90.04512295081967,8.10766393442623,10.990409836065574,0.031145273194137874,0.43943471309447685,0.031145273194137874,0.43943471309447685,2508.0737704918033,"Keller, Mitch",2871,6.59,R,5.825606271777003,0.8498780912574017,0.4405370530554299,2,1,3,0.0846458603868506
656641,L,1261,3,89.64282315622522,12.603172085646312,9.439175257731959,0.27271843665355344,0.6667911351654299,-0.27271843665355355,0.6667911351654296,2257.9016653449644,"Latz, Jacob",1397,6.63,L,5.899805194805195,0.9026485325697924,0.7204066654508139,1,1,1,0.31701789879141784
656730,R,750,2,94.65280000000001,9.043199999999999,3.7472000000000003,-0.03863802057766744,0.24780094410025363,-0.03863802057766744,0.24780094410025363,2609.176,"Megill, Trevor",765,6.62,R,6.519070385126162,0.9803921568627451,0.25079514455255564,2,1,1,0.11280078019661953
656849,L,2667,5,87.43940757405323,4.902549681289838,8.895763029621298,0.12691126334468184,0.4023207744280377,-0.12691126334468208,0.4023207744280375,2110.185226846644,"Peterson, David",2703,7.16,L,6.114356215213358,0.9866814650388457,0.42186309900264946,2,2,3,0.012526410420599524
656876,R,2072,3,93.7686776061776,11.532142857142857,6.85511583011583,0.14392223734439594,0.9091926253151854,0.14392223734439594,0.9091926253151854,2544.049227799228,"Rasmussen, Drew",2317,6.59,R,5.925738341968912,0.8942598187311178,0.9205133569534641,1,1,1,0.19962145499208744
656945,L,899,2,92.88175750834262,9.22547274749722,5.9619577308120135,-0.09336177948457428,0.6536923506976327,0.09336177948457415,0.6536923506976327,2589.0389321468297,"Scott, Tanner",919,6.21,L,5.239626783754116,0.9782372143634385,0.6603257614459117,2,1,3,0.029899710717454585
656986,L,718,2,89.56211699164345,6.925766016713092,3.6,-0.46272284988166046,0.5493434189883588,0.46272284988166057,0.5493434189883586,2304.5724233983287,"Sousa, Bennett",728,6.48,L,6.353480055020633,0.9862637362637363,0.7182552664536649,2,1,1,0.1973035315424529
657044,R,541,2,84.03382624768948,0.6486136783733832,13.33271719038817,0.031423290203327174,-5.738409678074935e-17,0.031423290203327174,-5.738409678074935e-17,2124.4306839186693,"Thompson, Ryan",656,6.78,R,3.6596,0.8246951219512195,0.031423290203327174,3,2,2,0.19827382279297764
657277,R,3132,5,88.81091954022988,0.1402937420178801,11.967624521072796,0.42926603144026027,0.09083558938403812,0.42926603144026027,0.09083558938403812,2043.6146232439337,"Webb, Logan",3282,6.8,R,4.990505789152955,0.9542961608775137,0.43877150095148165,3,2,2,0.25968935531711057
657746,R,2676,5,90.53273542600897,9.047608370702541,12.58811659192825,0.4921865928432471,0.5382548828046503,0.4921865928432471,0.5382548828046503,2313.9091928251123,"Ryan, Joe",2798,6.73,R,4.797738819320215,0.956397426733381,0.7293599667089579,3,2,1,0.07876501981979421
660853,R,937,2,92.85282817502669,10.161259338313767,6.717289220917824,0.6193571631171138,0.7744394313160702,0.6193571631171138,0.7744394313160702,2256.223052294557,"De Los Santos, Enyel",1118,6.36,R,5.423659420289855,0.8381037567084079,0.9916449608008086,1,1,1,0.2734414146238081
662253,R,883,2,91.21223103057757,4.651302378255946,8.144394110985278,-0.29047770249664445,0.2938937584320077,-0.29047770249664445,0.2938937584320077,2322.749716874292,"Muñoz, Andrés",1047,6.67,R,5.32687922705314,0.8433619866284623,0.4132200828771762,2,2,3,0.16701900699590214
663158,R,906,2,96.3112582781457,15.189624724061812,9.566887417218544,0.4987226116466496,0.8348395385856169,0.4987226116466496,0.8348395385856169,2248.1346578366447,"Suarez, Robert",1086,6.81,R,6.1632,0.8342541436464088,0.9724614637884118,1,1,1,0.29140989440935816
663554,R,2329,5,90.67926148561614,9.27325032202662,9.233877200515243,0.29967125701697644,0.6117314742363339,0.29967125701697644,0.6117314742363339,2049.395878059253,"Mize, Casey",2357,6.9,R,5.787695578231292,0.9881204921510395,0.6811888569651541,1,1,1,0.280448672592671
663559,L,1795,4,88.708356545961,13.097883008356545,4.37041782729805,-0.06949861435105059,0.7996607131409785,0.06949861435105066,0.7996607131409785,2062.7387186629526,"Falter, Bailey",1952,7.19,L,5.820615069195284,0.9195696721311475,0.8026750983666145,1,1,3,0.21708253261889893
663568,R,1364,4,91.45931085043988,6.728519061583579,7.805278592375366,0.3194081721822638,0.5651015417831827,0.3194081721822638,0.5651015417831827,2272.651759530792,"Kolek, Stephen",1693,6.31,R,5.260746887966805,0.8056704075605434,0.649123511346296,3,2,2,-0.06460917670788299
663574,R,1063,2,93.7667920978363,8.581279397930388,11.451646284101598,0.4073173265927106,0.3164135574496328,0.4073173265927106,0.3164135574496328,2308.008466603951,"Santillan, Tony",1230,5.89,R,5.3835853658536585,0.8642276422764228,0.5157760598172088,3,2,2,0.05359957347900224
663623,R,2457,3,87.08815628815628,5.856369556369557,13.165893365893366,0.14879531790014142,0.2786993277088634,0.14879531790014142,0.2786993277088634,2375.4546194546197,"Irvin, Jake",2947,7.06,R,5.673056783407004,0.833729216152019,0.3159325274396047,3,2,2,0.04420273844083468
663893,L,1055,2,89.94824644549763,-5.0202843601895735,8.012227488151659,0.2192024452936015,-0.32199365485259585,-0.21920244529360106,-0.3219936548525957,1904.873933649289,"Little, Brendon",1252,5.64,L,6.037774193548387,0.8426517571884984,0.38952487184777684,3,2,2,0.06060025864517935
663903,R,2843,5,87.77340837143862,6.251916989096026,9.626767499120646,-0.07860188363246468,0.4846394351250767,-0.07860188363246468,0.4846394351250767,2395.6486106225816,"Singer, Brady",2850,6.93,R,5.233708771929825,0.9975438596491228,0.49097213585795774,3,2,3,-0.07845446592228979
664126,R,885,2,92.03898305084746,7.291751412429377,2.448248587570622,-0.27451929773969885,0.2898854933868927,-0.27451929773969885,0.2898854933868927,2477.2802259887007,"Fairbanks, Pete",987,6.42,R,7.000547667342799,0.8966565349544073,0.3992423375691256,2,1,1,0.18348812149847274
664285,L,2624,3,88.1531631097561,-2.428201219512195,14.768254573170733,0.15874835169858234,0.21622228139287128,-0.15874835169858242,0.21622228139287128,2393.1981707317073,"Valdez, Framber",2898,5.88,L,5.983821391484943,0.9054520358868184,0.26824077642624505,3,2,2,0.11695788917268962
664854,R,886,2,93.97088036117383,8.783972911963883,3.019864559819413,-0.2803302359006002,0.7829093066894319,-0.2803302359006002,0.7829093066894319,2463.799097065463,"Helsley, Ryan",994,6.58,R,6.12717277486911,0.8913480885311871,0.8315840448571709,2,1,1,0.027316866241503122
665152,R,2674,5,87.63919222139118,8.982797307404637,8.859985041136873,0.2474993622066768,0.6450819883763927,0.2474993622066768,0.6450819883763927,2105.992894540015,"Kremer, Dean",2756,6.08,R,6.212135958395245,0.9702467343976778,0.6909317665445354,1,1,1,0.10562803411730676
665795,R,2239,5,91.68490397498883,2.769138008039303,12.303841000446628,0.1563438416511441,0.30909165720467335,0.1563438416511441,0.30909165720467335,2287.6136668155427,"Cabrera, Edward",2253,6.51,R,6.043465126610395,0.9937860630270751,0.34638280756378387,3,2,3,-0.006389893128533486
666157,L,2459,4,89.07076047173648,4.195607970719805,14.83041886945913,0.39879704553593864,0.13433409654436715,-0.39879704553593853,0.13433409654436723,2272.810898739325,"Lodolo, Nick",2483,6.25,L,5.406957223567393,0.9903342730567861,0.4208143688404483,3,2,2,0.31129667971917796
666200,L,2762,4,91.31654598117306,7.3106806661839245,12.428530050687908,0.346738590711086,0.09526725515942315,-0.346738590711086,0.09526725515942311,2195.8501086169445,"Luzardo, Jesús",3015,5.79,L,5.814001329345297,0.9160862354892205,0.35958795891119694,3,2,2,0.14874023240459194
666214,L,1598,3,88.00857321652066,8.197622027534418,4.970275344180226,-0.17948257485722452,0.5519901360338445,0.17948257485722457,0.5519901360338447,2421.60450563204,"Wentz, Joey",1825,7.07,L,6.258292011019284,0.8756164383561644,0.5804369948203175,2,1,3,0.11096212474779422
666808,R,967,2,93.23123061013445,4.548397104446742,5.311685625646328,-0.31435665646884375,0.32188968228457226,-0.31435665646884375,0.32188968228457226,2588.503619441572,"Doval, Camilo",1113,6.4,R,5.365213055303717,0.8688230008984726,0.4499256327744992,2,1,3,0.2251499138541651
668678,R,2587,3,88.75241592578276,6.817897178198685,5.831117124081947,0.15617948971788867,0.39912260475993816,0.15617948971788867,0.39912260475993816,2218.3127174333204,"Gallen, Zac",3137,6.54,R,5.966157037982764,0.8246732547019445,0.4285917482160592,2,1,3,0.054995518707351886
668881,R,1554,2,95.64684684684686,11.67072072072072,7.602509652509653,0.025391091824336763,0.8035419556458856,0.025391091824336763,0.8035419556458856,2433.1023166023165,"Greene, Hunter",1748,6.6,R,5.970120137299771,0.8890160183066361,0.8039430216297958,1,1,1,0.20060914717698364
668909,R,2704,4,90.25392011834319,3.711538461538461,9.20266272189349,-0.01396774190100041,0.1365136984465682,-0.01396774190100041,0.1365136984465682,2331.076183431953,"Williams, Gavin",2925,6.86,R,6.006217510259918,0.9244444444444444,0.13722641027649712,2,1,3,0.20014506628324993
668933,R,1034,2,93.75357833655706,4.244874274661509,5.983945841392649,-0.2534564280843275,0.21280513354633485,-0.2534564280843275,0.21280513354633485,2761.278529980658,"Ashcraft, Graham",1039,5.43,R,6.490953757225434,0.9951876804619827,0.3309474063970577,2,1,1,0.21855162205817352
669022,L,2685,4,89.80979515828678,6.673743016759777,6.211582867783984,0.14090061099478918,0.2217843549460363,-0.1409006109947893,0.22178435494603618,2242.80260707635,"Gore, MacKenzie",2819,6.87,L,5.68875798438609,0.952465413267116,0.26275707845371987,2,1,3,0.04485025382074536
669160,R,1939,3,90.59071686436307,3.4959773078906657,16.45812274368231,0.1250730843489724,0.03420095988382441,0.1250730843489724,0.03420095988382441,2736.947911294482,"May, Dustin",2182,6.58,R,5.019815583218072,0.888634280476627,0.12966488377945717,3,2,2,0.1339697006523513
669194,R,2385,4,92.10415094339622,12.208721174004193,3.865744234800839,-0.05658151368563727,0.6797414644268799,-0.05658151368563727,0.6797414644268799,2316.798322851153,"Nelson, Ryne",2467,6.84,R,6.187084347120844,0.9667612484799352,0.6820923149780806,1,1,1,0.17034558385956183
669199,R,1001,3,90.73876123876124,8.224375624375625,8.172827172827173,-0.24422729671104038,0.339718052821164,-0.24422729671104038,0.339718052821164,2749.2727272727275,"Bachar, Lake",1153,6.08,R,5.664514435695538,0.8681699913269731,0.41839613749577775,2,1,3,0.23718502473242256
669276,L,944,2,88.90879237288135,11.188877118644067,3.208792372881356,0.3454295786938824,0.9300505686311556,-0.3454295786938826,0.9300505686311556,2212.7224576271187,"Lee, Dylan",1104,6.24,L,6.517558983666062,0.855072463768116,0.9921268336496948,1,1,1,0.15964263470649304
669302,R,1826,3,89.78028477546549,7.036254107338445,4.631763417305586,-0.029520118065442608,0.31604012226228667,-0.029520118065442608,0.31604012226228667,1752.261774370208,"Gilbert, Logan",2156,7.5,R,5.750487238979118,0.8469387755102041,0.31741580970417776,1,1,3,0.0814161663473721
669358,R,2620,4,91.73492366412214,6.3130534351145045,8.950076335877863,0.22031012238843975,0.36048566672489896,0.22031012238843975,0.36048566672489896,2466.342748091603,"Baz, Shane",2724,6.38,R,5.790250183958793,0.9618208516886931,0.42247658626355167,2,1,3,0.11138197968455234
669371,R,811,2,89.06732429099877,8.828113440197287,14.460789149198522,0.14269681672025594,0.17400663933575727,0.14269681672025594,0.17400663933575727,2566.584463625154,"Henry, Cole",969,6.65,R,5.316279792746114,0.8369453044375645,0.2250348684871272,3,2,3,0.08318323492366596
669373,L,2718,4,93.51052244297277,11.258462104488594,9.45176600441501,0.417517625481365,0.8645390449073156,-0.41751762548136495,0.8645390449073157,2149.8061074319353,"Skubal, Tarik",2849,6.47,L,6.12034749034749,0.954018954018954,0.9600774592483936,1,1,1,0.3379686498613393
669461,L,2136,5,88.49550561797754,5.555711610486892,8.640449438202246,0.03791953418894228,0.4151797758174428,-0.037919534188942415,0.41517977581744264,2354.195692883895,"Liberatore, Matthew",2390,6.39,L,6.524213836477988,0.8937238493723849,0.41690782832771134,2,1,1,0.199821519844608
669467,R,2694,4,90.2070898292502,3.7361544172234593,3.3061618411284335,-0.2830807393438394,0.5036475154266263,-0.2830807393438394,0.5036475154266263,2390.889755011136,"Pallante, Andre",2722,6.55,R,6.103974264705882,0.9897134459955915,0.5777504000715781,2,1,1,0.2621765630964233
671096,L,2553,4,87.86000783392087,10.073952213082647,10.827301214257737,0.11672313714492766,0.4566438052839084,-0.11672313714492794,0.45664380528390824,2371.064238151195,"Abbott, Andrew",2677,6.31,L,6.0231079566679115,0.9536794919686216,0.47132563652863363,2,1,1,-0.02295975945831649
671106,L,2654,5,85.62886209495102,8.76503391107762,9.55301431801055,0.11131072416649923,0.574443015717908,-0.11131072416649944,0.5744430157179076,2003.0256217030897,"Allen, Logan",2713,6.32,L,5.236490579977835,0.9782528566162919,0.5851280677095871,3,2,2,0.05195105042407191
671212,R,778,2,95.27352185089974,9.520308483290489,6.230591259640103,0.0573822046852535,0.7572140366046951,0.0573822046852535,0.7572140366046951,2592.827763496144,"Boyle, Joe",936,6.53,R,5.814593147751606,0.8311965811965812,0.7593851556658958,1,1,1,0.06040706635565458
671737,R,2256,4,91.81192375886525,8.937544326241136,6.735638297872341,0.15709505394749504,0.6388859508727819,0.15709505394749504,0.6388859508727819,2216.743794326241,"Bradley, Taj",2327,6.38,R,6.228094190140845,0.9694886119467125,0.6579164948512729,1,1,1,0.15299645215572286
673929,R,1085,2,92.26267281105991,12.17741935483871,5.061751152073732,-0.168502979430892,0.8514252349073078,-0.168502979430892,0.8514252349073078,2408.9861751152075,"Leasure, Jordan",1133,6.92,R,5.860823008849557,0.9576345984112974,0.8679390443539522,1,1,1,0.17887748513926924
675848,R,1073,2,92.2165890027959,7.720316868592731,5.287138863000933,-0.025794481417281506,0.45809974135428605,-0.025794481417281506,0.45809974135428605,2666.0326188257222,"Mejia, Juan",1078,6.12,R,5.967011173184358,0.9953617810760668,0.45882537887572244,2,1,3,0.20417543599950824
675911,R,1825,2,90.85254794520547,10.77413698630137,7.350849315068492,0.047989861269869344,0.8363990940644696,0.047989861269869344,0.8363990940644696,2293.884931506849,"Strider, Spencer",2111,6.93,R,5.774988123515439,0.8645191852202747,0.8377747139515292,1,1,1,0.26417459518213626
676106,R,1196,3,92.7933110367893,6.1958193979933105,16.238461538461536,0.8759964789841433,0.41320896453861466,0.8759964789841433,0.41320896453861466,2210.1847826086955,"Hancock, Emerson",1423,6.11,R,5.380780042164441,0.8404778636683063,0.9685615517702997,3,2,2,0.2252594308847166
676254,R,991,2,91.32492431886983,3.015539858728557,16.223309788092834,0.11698062337186522,0.2752113173675674,0.11698062337186522,0.2752113173675674,2494.949545913219,"Walker, Ryan",1024,6.4,R,5.031178781925344,0.9677734375,0.2990413607708172,3,2,2,0.21575050823433817
676263,L,1028,2,90.37315175097277,11.658365758754865,4.723735408560311,0.18910815529325448,0.9623840491398188,-0.18910815529325437,0.9623840491398188,2376.272373540856,"Dreyer, Jack",1166,6.55,L,5.941910994764398,0.8816466552315609,0.9807879242920821,1,1,1,0.2452773458452639
676282,L,1492,3,84.26434316353887,8.216823056300267,8.394436997319035,0.4162909850730246,0.4118576592260638,-0.41629098507302464,0.41185765922606377,1898.1099195710456,"Cantillo, Joey",1637,7.34,L,5.85620036652413,0.9114233353695785,0.5855979130053672,1,2,3,0.07410780866855977
676395,L,934,3,90.8566381156317,7.588115631691649,10.393468950749465,0.5077690531354859,0.6333131476871704,-0.5077690531354859,0.6333131476871706,2141.4882226980726,"Garcia, Robert",981,6.48,L,5.651493305870237,0.9520897043832823,0.8117357663399708,3,2,1,-0.10491452782947505
676440,R,2804,5,88.63840941512125,8.02475035663338,10.23716119828816,-0.07701517682868536,0.47580007092135307,-0.07701517682868536,0.47580007092135307,2369.687945791726,"Bibee, Tanner",2975,6.63,R,6.295418353576248,0.9425210084033614,0.48199278516458965,2,1,3,0.09769650978375231
676508,R,1054,3,90.90379506641366,7.835009487666034,7.787666034155598,-0.2644759261029994,0.38629276590953326,-0.2644759261029994,0.38629276590953326,2765.885199240987,"Casparius, Ben",1263,5.78,R,6.191735340729002,0.8345209817893904,0.4681555473152878,2,1,3,0.24259792323238152
676664,L,1952,3,86.36178278688526,9.715676229508198,12.93002049180328,0.19975255252637558,0.43765202004648446,-0.19975255252637564,0.43765202004648435,2022.560450819672,"Sears, JP",2366,6.39,L,4.836360946745562,0.8250211327134404,0.4810825011279987,3,2,2,0.16779808296966758
676962,R,1609,2,92.26699813548788,9.030205096333127,5.428091982597888,-0.11270668326170834,0.4566278867185791,-0.11270668326170834,0.4566278867185791,2239.346177750155,"Brown, Ben",1759,6.69,R,6.456964184195566,0.9147242751563388,0.47033161001673124,2,1,1,-0.022927843896862716
676979,L,2975,4,92.4423193277311,8.629378151260505,9.099563025210085,0.11001420270698066,0.6264202868878085,-0.11001420270698076,0.6264202868878085,2476.0944537815126,"Crochet, Garrett",3151,6.73,L,6.120410305343512,0.9441447159631863,0.6360074689984835,1,1,3,0.059031359341502686
678226,R,715,2,92.42811188811187,7.575244755244755,5.37888111888112,-0.12922899377212216,0.744982892457697,-0.12922899377212216,0.744982892457697,2515.7804195804197,"Hernández, Daysbel",723,6.03,R,5.93907949790795,0.9889349930843707,0.756108221675966,2,1,3,0.12141297690346406
678394,R,2680,5,91.33145522388058,4.513656716417911,11.498432835820894,0.36757564807366166,0.43490030717185457,0.36757564807366166,0.43490030717185457,2209.4884328358207,"Bello, Brayan",2698,6.34,R,5.323092056421678,0.9933283914010378,0.569429656968221,3,2,2,0.21614408024729
678495,R,808,2,92.45445544554457,11.115841584158414,7.805940594059407,-0.21818207891646582,0.3969346216932537,-0.21818207891646582,0.3969346216932537,2717.910891089109,"Rodríguez, Randy",808,6.58,R,5.5208168316831685,1,0.45294647968504775,2,1,3,0.0723254010559214
678606,L,1114,2,95.35385996409336,5.2543985637342905,18.076301615798922,0.941918853352418,0.29199364228934144,-0.941918853352418,0.2919936422893415,2137.4560143626572,"Ferrer, Jose A.",1215,6.04,L,5.810140728476822,0.9168724279835391,0.9861396520970698,3,2,2,0.1652281313762116
678692,R,941,3,90.19086078639745,8.49202975557917,7.939638682252922,-0.4154182574168324,0.25787077438484945,-0.4154182574168324,0.25787077438484945,2534.5717321997877,"Henriquez, Ronny",1167,6.51,R,5.239204840103716,0.8063410454155956,0.48894750728179354,2,1,3,0.17671475747070972
680730,L,2671,4,88.66102583302134,9.72594533882441,4.618644702358666,-0.033368220068821924,0.4021400911654569,0.033368220068821855,0.4021400911654569,2090.981654810932,"Parker, Mitchell",2707,6.86,L,6.242970773214946,0.9867011451791651,0.4035221072421229,1,1,3,0.05852028420543262
680732,R,2100,3,88.53128571428572,6.135999999999998,5.291666666666668,-0.012502547743117567,0.4544059836237511,-0.012502547743117567,0.4544059836237511,2543.1785714285716,"Burke, Sean",2380,7.05,R,6.246168776371308,0.8823529411764706,0.4545779489297052,2,1,3,0.18999080445434174
681190,R,1952,5,89.1344774590164,8.698104508196721,9.282735655737707,0.03560172451181748,0.5760452297666772,0.03560172451181748,0.5760452297666772,2591.345286885246,"Vásquez, Randy",2153,6.14,R,5.96047152194211,0.9066418950301904,0.5771443402868638,2,1,3,0.1398476618725512
681343,R,2317,5,92.09037548554164,6.730470435908503,8.682779456193353,0.3713775304826676,0.5324578792239695,0.3713775304826676,0.5324578792239695,2139.0397065170478,"Smith, Shane",2423,6.76,R,5.792091175240485,0.9562525794469666,0.6491784525807153,1,1,1,0.17598998777052147
681347,R,1268,3,91.19952681388013,11.020662460567822,7.5635646687697164,0.24305997205558805,0.7818843170729125,0.24305997205558805,0.7818843170729125,2131.283911671924,"Burrows, Mike",1542,6.45,R,6.124248536109304,0.8223086900129701,0.8187925471694513,1,1,1,0.3259576623776949
681911,L,936,2,89.61933760683762,14.387713675213675,5.950961538461539,-0.0370879543231419,0.9269689307610877,0.03708795432314175,0.9269689307610878,2432.073717948718,"Vesia, Alex",1036,6.28,L,6.011818181818182,0.9034749034749034,0.9277105771479753,1,1,1,0.18532241479898215
681982,R,1102,3,88.13756805807623,5.246460980036297,14.617059891107077,0.1424566015196513,0.21958338372943972,0.1424566015196513,0.21958338372943972,2504.3303085299453,"Anderson, Grant",1170,6.48,R,4.342404844290657,0.9418803418803419,0.2617455744164533,3,2,2,0.221978345645354
682254,L,858,2,95.65804195804196,12.855477855477856,4.308624708624708,-0.039374332767035204,0.7806102266508286,0.03937433276703537,0.7806102266508286,2400.864801864802,"Montgomery, Mason",859,6.78,L,5.822898719441211,0.9988358556461001,0.7816026254003419,1,1,1,0.1897171515796235
682842,R,1110,2,93.22594594594595,5.043603603603604,12.319369369369369,-0.2161622622632802,0.3875010788561564,-0.2161622622632802,0.3875010788561564,2407.917117117117,"Uribe, Abner",1174,6.43,R,5.86963058419244,0.9454855195911414,0.44371523496659915,2,1,3,0.13416229269420624
682990,R,2198,3,91.15268425841674,5.764740673339399,8.190764331210191,0.04796244474592042,0.6696642813218461,0.04796244474592042,0.6696642813218461,2244.4558689717924,"Priester, Quinn",2469,6.4,R,6.0685980551053484,0.8902389631429729,0.6713796584528832,2,1,1,0.016755371250520165
683004,R,2244,4,93.52927807486631,10.55151515151515,9.188190730837789,0.1729954962943944,0.7444847956476942,0.1729954962943944,0.7444847956476942,2302.860071301248,"Leiter, Jack",2585,6.82,R,5.608656600851723,0.8680851063829788,0.7643199936471196,1,1,1,0.28147079654954255
683232,R,810,2,91.51061728395062,10.179259259259258,3.674074074074074,-0.22464734437383152,0.45785823688928784,-0.22464734437383152,0.45785823688928784,2384.0962962962963,"Mears, Nick",849,6.71,R,6.237136094674556,0.9540636042402827,0.510000582765924,2,1,1,0.0426575512989452
683409,R,843,2,93.37330960854092,8.390865954922894,13.14650059311981,0.8916925973121269,0.4479520803138122,0.8916925973121269,0.4479520803138122,2103.9193357058125,"Chivilli, Angel",1028,6.29,R,5.788326810176125,0.8200389105058365,0.9978861429836166,3,2,2,0.01688646395286891
683769,R,910,2,91.04978021978022,9.575824175824176,6.162637362637363,-0.11868131868131897,0.8660254037844385,-0.11868131868131897,0.8660254037844385,2299.287912087912,"Gaddis, Hunter",1060,6.91,R,6.224966634890372,0.8584905660377359,0.8741197031322063,1,1,1,0.13305151295655201
684007,L,2022,3,86.52067260138476,11.623639960435213,12.25252225519288,0.3984616110947911,0.5541509644963246,-0.3984616110947912,0.5541509644963246,2104.841740850643,"Imanaga, Shota",2178,6.21,L,5.416681985294118,0.928374655647383,0.6825356745024126,3,2,2,0.01669554781265864
684320,R,949,2,90.62339304531086,6.915489989462593,5.557639620653319,-0.21569076607785445,0.23838144715290557,-0.21569076607785445,0.23838144715290557,2605.345626975764,"Rodríguez, Yariel",1172,6.38,R,5.723385146804836,0.8097269624573379,0.32147818109160264,2,1,3,0.286663169647968
685126,L,1121,3,86.27297056199822,7.700535236396075,7.830151650312222,0.4747570477384035,0.7654139196928049,-0.4747570477384035,0.7654139196928048,1886.815343443354,"Eisert, Brandon",1239,7.08,L,5.075773026315789,0.9047619047619048,0.9006956882525797,3,2,3,-0.04739124266804004
685299,R,1229,3,88.31033360455655,9.79519934906428,8.926525630593979,0.412718963186087,0.7638456678942722,0.412718963186087,0.7638456678942722,2183.4117168429616,"Gordon, Tanner",1245,6.2,R,6.159782958199357,0.98714859437751,0.8682149197832558,1,1,1,0.2034187391347474
686563,R,1751,5,89.03603655054255,6.834437464306111,10.45642490005711,0.40799050701768713,0.5497546058158238,0.40799050701768713,0.5497546058158238,2228.459166190748,"Cannon, Jonathan",1799,6.22,R,5.841779141104294,0.9733185102834908,0.6846067341417708,3,2,1,0.006208342914073539
686613,R,2665,4,92.65636022514072,8.446454033771106,9.247392120075046,0.31445145021886434,0.5007872080985512,0.31445145021886434,0.5007872080985512,2207.0101313320824,"Brown, Hunter",2968,6.68,R,6.155472653612424,0.897911051212938,0.5913269335485138,1,1,1,0.193047353485828
686752,R,2295,3,91.58518518518518,12.207276688453161,9.483834422657951,0.4225446113676702,0.7426400405819727,0.4225446113676702,0.7426400405819727,2474.5590413943355,"Pepiot, Ryan",2700,6.68,R,5.914536693847294,0.85,0.8544344202286385,1,1,1,0.27526072551517033
686799,R,1706,4,93.3411488862837,4.580656506447831,10.268112543962484,0.4781304266527287,0.48029445843798685,0.4781304266527287,0.48029445843798685,2251.181125439625,"Kochanowicz, Jack",1875,6.42,R,5.923755434782609,0.9098666666666667,0.6777104630278032,3,2,2,-0.02926275269350711
686973,R,871,2,93.47324913892078,5.713547646383467,5.567623421354765,-0.05296854844251715,0.14538276107097883,-0.05296854844251715,0.14538276107097883,2272.8197474167623,"Varland, Louis",1070,6.96,R,5.503386491557223,0.814018691588785,0.15473142648062352,2,1,3,0.06587851557621612
686993,R,924,2,91.12467532467532,12.41103896103896,7.961038961038961,0.22892216393693623,0.8433601282196965,0.22892216393693623,0.8433601282196965,2499.896103896104,"Sterner, Justin",1101,6.46,R,5.4489194139194135,0.8392370572207084,0.873877372983368,1,1,1,0.22602404067037876
687911,L,971,2,88.12729145211124,10.590010298661173,8.130690010298661,0.022932480836925184,0.4999586212424416,-0.022932480836925537,0.4999586212424413,2183.205973223481,"King, Bryan",1046,6.54,L,5.491845124282983,0.9282982791586998,0.5004842870979859,1,1,3,0.13957438694881535
689147,R,874,2,91.25629290617849,7.672311212814646,12.825400457665904,-0.24461292131447715,0.07118800668845271,-0.24461292131447715,0.07118800668845271,2700.594965675057,"Kerkering, Orion",1083,6.3,R,5.720503261882572,0.8070175438596491,0.2547610911624414,2,1,3,0.1650395689436582
689254,L,857,2,86.64924154025672,6.816336056009335,8.930571761960326,-0.30993734273189616,0.41742160681310303,0.309937342731896,0.417421606813103,2755.151691948658,"Fluharty, Mason",875,6.73,L,5.665389988358556,0.9794285714285714,0.5199057166969234,2,1,3,0.23388383848988667
693433,R,2478,4,93.68494753833738,10.189790153349476,10.937853107344633,0.4497185625395181,0.636313920495303,0.4497185625395181,0.636313920495303,2310.367231638418,"Woo, Bryan",2714,6.51,R,5.029786293294031,0.9130434782608695,0.7791932949587754,1,2,1,0.10157230924466475
693821,R,2431,4,88.56647470176881,5.752817770464829,8.282640888523243,0.007251079512578351,0.37621724685525004,0.007251079512578351,0.37621724685525004,2261.2883587001234,"Elder, Bryce",2519,6.09,R,6.464081145584726,0.9650655021834061,0.37628711775111556,2,1,1,0.17896143649558252
694297,R,2907,6,89.36996904024768,6.6640178878568985,10.676470588235293,0.14821530776449443,0.505686105917554,0.14821530776449443,0.505686105917554,2542.5995872033022,"Pfaadt, Brandon",2931,6.61,R,5.522693625771076,0.9918116683725691,0.526959405622277,2,2,3,0.09254180039199297
694335,R,793,2,92.74766708701134,6.776418663303909,13.111979823455233,-0.06925788192259141,0.40189870860927757,-0.06925788192259141,0.40189870860927757,2262.1525851197985,"Svanson, Matt",965,6.59,R,5.710554393305439,0.8217616580310881,0.40782254252334876,3,2,3,-0.02421518249249828
694477,R,1736,3,91.18248847926266,13.063594470046084,7.763133640552995,-0.07295851825905261,0.7905939838416607,-0.07295851825905261,0.7905939838416607,2334.4377880184334,"Patrick, Chad",2015,6.17,R,5.522858565737052,0.8615384615384616,0.7939532685701247,1,1,1,0.20020191624935052
694738,R,1691,3,85.39491425192193,-1.7102897693672385,17.822945002956832,0.21511826004107584,0.04292941796595851,0.21511826004107584,0.04292941796595851,2413.5422826729746,"Roupp, Landen",1853,6.28,R,5.400837385197191,0.9125742039935241,0.21935997978208305,3,2,2,0.219047064488464
694973,R,2643,5,93.86008323874387,7.578849791903141,14.160121074536514,0.5564470079422881,0.37183729889945893,0.5564470079422881,0.37183729889945893,2135.309118426031,"Skenes, Paul",2997,6.66,R,5.579325992659326,0.8818818818818819,0.6692505132614919,3,2,2,0.044486493668055474
695243,R,949,2,94.95890410958904,8.283561643835617,8.6,-0.10238374753290395,0.17913838577118626,-0.10238374753290395,0.17913838577118626,2479.3424657534247,"Miller, Mason",981,6.72,R,6.1544855967078185,0.9673802242609582,0.20633223939943987,2,1,3,0.0742323822292767
695418,R,2124,4,91.66195856873823,6.823917137476459,13.361770244821091,0.5501351149687391,0.3246036775236467,0.5501351149687391,0.3246036775236467,2298.6807909604518,"Lord, Brad",2129,5.61,R,5.361382228490832,0.9976514795678723,0.6387614517044242,3,2,2,0.21878696617460278
695505,R,689,2,95.69274310595065,11.747169811320756,4.063860667634253,-0.18576576128641412,0.7466808625353523,-0.18576576128641412,0.7466808625353523,2687.6923076923076,"Burns, Chase",765,6.4,R,6.4437434554973825,0.90065359477124185,0.7694421541239203,2,1,1,-0.0010881261018075743
701542,R,2587,4,90.26969462698106,7.982914572864321,13.032508697332817,0.3348474375537391,0.4438238761254737,0.3348474375537391,0.4438238761254737,2553.613065326633,"Warren, Will",2808,6.71,R,5.547896995708155,0.9212962962962963,0.5559698188349301,3,2,3,0.006579855183685654
702070,L,2163,5,86.02417938049005,5.682801664355063,5.106195099398983,-0.06761302379495979,0.4226923239774102,0.0676130237949599,0.4226923239774102,2237.499306518724,"Cameron, Noah",2167,6.28,L,6.416252310536044,0.9981541301338256,0.4280657913640399,2,1,3,0.18558917615021994
808967,R,2347,4,89.88244567533022,4.7988069876438,8.66028973157222,0.3038993967332738,0.4626163546070935,0.3038993967332738,0.4626163546070935,2149.791222837665,"Yamamoto, Yoshinobu",2792,6.5,R,5.458694872714235,0.8406160458452722,0.5535058580401871,3,2,2,0.06996403857752223
820862,R,615,2,93.10048780487806,9.3330081300813,4.332520325203252,0.4397202676867778,0.8957520780570957,0.4397202676867778,0.8957520780570957,2453.9528455284553,"Fermin, José",655,6.14,R,6.257658914728682,0.9389312977099237,0.9978605609794069,1,1,1,0.10910696569038611
