k,repetition,ari
2,1,0.9199438326282974
2,2,0.8174916914465629
2,3,0.9728650927440995
2,4,0.868460213449825
2,5,0.8429503413267647
2,6,0.8937324634416851
2,7,0.81845085276603
2,8,0.8685423846724474
2,9,0.9729600630019747
2,10,0.9729647589636384
2,11,0.8183848139288539
2,12,0.9199676415525627
2,13,0.9729067352092892
2,14,0.9729456357629924
2,15,1
2,16,0.9198759243740806
2,17,0.9729456357629924
2,18,0.843099182116259
2,19,0.9197739871612745
2,20,0.9199676415525627
2,21,0.8680395371888577
2,22,0.8432804656672661
2,23,0.9727285034521834
2,24,0.8679115277925387
2,25,0.8680395371888577
2,26,0.8433541242236882
2,27,0.8939789655018027
2,28,0.8183199075756362
2,29,0.8433097434883741
2,30,0.8433308220436867
2,31,0.842694274367567
2,32,0.7229639808388028
2,33,0.9462503934289747
2,34,0.946282767860658
2,35,0.7933961154530051
2,36,0.9199676415525627
2,37,0.8429503413267647
2,38,0.8184736898433153
2,39,0.8938024875093016
2,40,0.8685261719933398
2,41,0.8181936499740767
2,42,0.8938796738370606
2,43,0.9461224730724823
2,44,0.8429503413267647
2,45,0.8933930929609027
2,46,0.9461239260831777
2,47,0.9729067352092892
2,48,0.9729537845430104
2,49,0.7683734353769113
2,50,0.9729681372914462
2,51,0.7940386264805858
2,52,0.8425301212843755
2,53,0.9200093326079747
2,54,1
2,55,0.8429503413267647
2,56,0.8685261719933398
2,57,0.9462503934289747
2,58,0.946310573469069
2,59,0.793164600156357
2,60,0.8938726961787228
2,61,0.9728877504587783
2,62,0.8939789655018027
2,63,0.946075056469336
2,64,0.843168956169474
2,65,1
2,66,0.9200093326079747
2,67,1
2,68,0.9729353054574085
2,69,0.9729224585067774
2,70,0.9197073598795498
2,71,0.9729456357629924
2,72,0.894094571196739
2,73,0.9461993529239359
2,74,0.9462275453359357
2,75,0.8940416165642363
2,76,0.7463055236148375
2,77,0.89393456795741
2,78,0.9200200189541161
2,79,0.8939789655018027
2,80,0.946282767860658
2,81,0.9729067352092892
2,82,0.946282767860658
2,83,0.9729537845430104
2,84,0.7698356714964315
2,85,0.81843537922291
2,86,0.9199438326282974
2,87,0.9729537845430104
2,88,0.8182384139661664
2,89,0.9199135906988448
2,90,0.89393456795741
2,91,0.7222608339419889
2,92,0.8433161857899053
2,93,0.8433451695923656
2,94,0.8940142265943618
2,95,1
2,96,0.8179699432831676
2,97,0.9198297695851129
2,98,0.8176624866171128
2,99,0.8938128253373259
2,100,0.7935497444671086
3,1,0.32244317450614046
3,2,0.33565036271395055
3,3,0.9608850227796968
3,4,0.9196249827039988
3,5,0.6799074703810484
3,6,0.3895171944605267
3,7,0.7675337443480924
3,8,0.8832790739113132
3,9,0.7893147905780785
3,10,0.9805490612272042
3,11,0.8787386131243015
3,12,0.8832786120257964
3,13,0.2590106093945507
3,14,0.24844696835582883
3,15,0.789331425252114
3,16,0.3000709417216977
3,17,0.3011901059207626
3,18,0.29529762396320164
3,19,0.9795899604670405
3,20,1
3,21,0.4303060909575513
3,22,0.9210954127702208
3,23,0.7069511136323464
3,24,0.754040180808012
3,25,0.44997232978399565
3,26,0.7005264130965732
3,27,0.9806928647224907
3,28,0.8641477692053671
3,29,0.7920546244568591
3,30,0.500176283398461
3,31,0.937668728931906
3,32,0.2790204028635606
3,33,0.29657181913348307
3,34,0.34423764979922866
3,35,0.9017602836385871
3,36,0.5198955100016485
3,37,0.27718085156802913
3,38,0.9412899513037676
3,39,0.2543260587359684
3,40,1
3,41,0.9405710142175713
3,42,0.9576518338902883
3,43,0.7196235501910658
3,44,0.2747528651490885
3,45,0.2576604901952611
3,46,0.7739525930239296
3,47,0.6769997971394172
3,48,0.46492509057597486
3,49,0.3370566161892633
3,50,0.4317280456911865
3,51,0.64492990429197
3,52,0.8293628758539426
3,53,0.8068521697900085
3,54,0.9034531306155869
3,55,0.33496174114656635
3,56,0.8698239571178554
3,57,0.26036577271489814
3,58,0.3223289788240753
3,59,0.3326218567498717
3,60,0.8613740439786195
3,61,0.9219119235082924
3,62,0.8431684470521045
3,63,0.6556466482434237
3,64,0.9201736768011896
3,65,0.8261084433434811
3,66,0.295490275728685
3,67,0.3142547565696545
3,68,0.8448348459971533
3,69,0.3333232273433179
3,70,0.28147420527067396
3,71,0.9784349017148618
3,72,0.3188850827019603
3,73,0.7896241201019617
3,74,0.8817158432790788
3,75,0.8061700465149536
3,76,0.25857026680221534
3,77,0.9398155009934129
3,78,0.8996445332852839
3,79,0.9384322885158725
3,80,0.46088397898616523
3,81,0.8795771300860491
3,82,0.32215442433967445
3,83,0.6854094353446705
3,84,0.797466407015368
3,85,0.8787170253693872
3,86,0.9605137080948905
3,87,0.2755833754539255
3,88,0.5984151239897045
3,89,0.79207215660119
3,90,0.6564447651741083
3,91,0.2805290575520094
3,92,0.4625592642880467
3,93,0.880662551574357
3,94,0.9191659022522911
3,95,0.898409942988031
3,96,0.958453039923237
3,97,0.92140962090349
3,98,0.356950300684316
3,99,0.6609211506591428
3,100,0.24738863813257855
4,1,0.919479112037395
4,2,0.6867641959862356
4,3,0.8163460064577059
4,4,0.7275092413634892
4,5,0.8177242922074481
4,6,0.44361055177378117
4,7,0.8835180841323843
4,8,0.8538261564028398
4,9,0.7481389520270448
4,10,0.824164383231335
4,11,0.8124408735420188
4,12,0.451951653137009
4,13,0.8063993283832273
4,14,0.7810030452654384
4,15,0.7786194683045683
4,16,0.87056849313882545
4,17,0.9414967595561062
4,18,0.7132885329484417
4,19,0.8636451362718282
4,20,0.8480155961687673
4,21,0.6786711783747664
4,22,0.5628068727491997
4,23,0.9650218886625818
4,24,0.5865427658801262
4,25,0.5524867558194698
4,26,0.8015811788633479
4,27,0.9136548363814224
4,28,0.8865008499247767
4,29,0.6728598880877712
4,30,0.8139681433681398
4,31,0.7707178768928551
4,32,0.49835605550207807
4,33,0.7800299092783818
4,34,0.8015293001211004
4,35,0.8390757822207208
4,36,0.691604121393167
4,37,0.8353523873510392
4,38,0.8312026508539023
4,39,0.7806632341872665
4,40,0.9163796556608006
4,41,0.8412600144990073
4,42,0.8953768219793711
4,43,0.8172642919509272
4,44,0.6875080479238477
4,45,0.9075424549951553
4,46,0.7707246323241995
4,47,0.7605729244427264
4,48,0.7480922687810234
4,49,0.6616642591491114
4,50,0.5918416925607053
4,51,0.8222815424023076
4,52,0.723180294339396
4,53,0.7700253076313962
4,54,0.7640016328636078
4,55,0.8374836364087997
4,56,0.8540898162620724
4,57,0.8286335650155027
4,58,0.895330353029723
4,59,0.7979066885953604
4,60,0.878582440381921
4,61,0.9073802915536605
4,62,0.8940355203754897
4,63,0.8928069279517435
4,64,0.793221743049972
4,65,0.815892533156298
4,66,0.8184675574748402
4,67,0.7687841173811758
4,68,0.8127783462095488
4,69,0.7279810324669683
4,70,0.6440824168890507
4,71,0.8510995432936631
4,72,0.9359445150102106
4,73,0.898396396523121
4,74,0.8679784449249592
4,75,0.887626562735467
4,76,0.964533031694337
4,77,0.8639005705527135
4,78,0.8898105233500034
4,79,0.7462376797302003
4,80,0.9642223900056579
4,81,0.8957192301904459
4,82,0.8923264187992573
4,83,0.8766356688533633
4,84,0.5438476268548702
4,85,0.7292091226453544
4,86,0.7179738077961391
4,87,0.8277264730416626
4,88,0.8702556040889041
4,89,0.8527645946302409
4,90,0.9024356915929355
4,91,0.8364936582638639
4,92,0.33035957300795227
4,93,0.7169997975212384
4,94,0.57945197061004206
4,95,0.7808598160461139
4,96,0.6964199862211847
4,97,0.9281519270488425
4,98,0.7332606260776346
4,99,0.5392807030798931
4,100,0.7194597926391997
5,1,0.5826715282799223
5,2,0.6571428316161431
5,3,0.8150164607766985
5,4,0.8757835676063781
5,5,0.7305683797719037
5,6,0.4047636368479995
5,7,0.9476494379504051
5,8,0.846195116066789
5,9,0.3941881597318456
5,10,0.5259009790627062
5,11,0.7495386407413503
5,12,0.8269954197752881
5,13,0.5073271593662328
5,14,0.5212065148469606
5,15,0.9604820285130818
5,16,0.8097250795873219
5,17,0.8166590298780193
5,18,0.4866956268443116
5,19,0.5160404512265072
5,20,0.3992202095182993
5,21,0.9706895954906966
5,22,0.848507991970287
5,23,0.9007476073546288
5,24,0.8161797803368718
5,25,0.874875163756025
5,26,0.9011907423309626
5,27,0.8186790289039337
5,28,0.9013804751388247
5,29,0.6644192958679297
5,30,0.4177994099598526
5,31,0.6865049118140385
5,32,0.48127435951476416
5,33,0.8443400900407481
5,34,0.8153090901590314
5,35,0.6085966200583298
5,36,0.5631011581687518
5,37,0.6427871751223633
5,38,0.9035447699451908
5,39,0.8494735218817125
5,40,0.5300564439780953
5,41,0.786305033035903
5,42,0.7746609233818181
5,43,0.9642446099494949
5,44,0.8795660403324808
5,45,0.5953750373100364
5,46,0.8021920015619292
5,47,0.9004121757040632
5,48,0.6966851871176929
5,49,0.5048186248128859
5,50,0.7717949249442215
5,51,0.5885794137996563
5,52,0.6251360877796586
5,53,0.8937739323435557
5,54,0.4640820395975
5,55,0.7521761312296772
5,56,0.8939590658486949
5,57,0.9477697701252389
5,58,0.5978554377176848
5,59,0.8895982378265359
5,60,0.8488930183374919
5,61,0.6027780496713626
5,62,0.5193853134901496
5,63,0.749010364485221
5,64,0.5315327487088933
5,65,0.8162654638288116
5,66,0.8440008674955384
5,67,0.9126287122105711
5,68,0.8691486190939317
5,69,0.7686270562439732
5,70,0.5008017747871658
5,71,0.8258916214202066
5,72,0.8808579460125534
5,73,0.4686456724466944
5,74,0.5254287031990273
5,75,0.6875080557937269
5,76,0.8749557902526349
5,77,0.984150572353202
5,78,0.7800278969934525
5,79,0.828165910410274
5,80,0.6443396999876274
5,81,0.6154397502689312
5,82,0.8876956161827634
5,83,0.8136017355816412
5,84,0.7865247586576264
5,85,0.5530459035657838
5,86,0.5375102019808387
5,87,0.8774739748948754
5,88,0.5049217183256143
5,89,0.6937574751910137
5,90,0.4060534600751212
5,91,0.8969921114166958
5,92,0.8468050089392769
5,93,0.9645169628648426
5,94,0.8701440250281038
5,95,0.49805409489654073
5,96,0.8349995927731303
5,97,0.6557516486397855
5,98,0.5602913520601961
5,99,0.5447031658443395
5,100,0.8481296050055904
